商品ID,标题,价格,价格说明,店铺名称,店铺标签,销量,地区,商品链接,图片链接,品牌,型号,屏幕尺寸,刷新率,电池容量,像素,机身内存,充电功率,标签
975319697990,Apple/苹果 iPhone 17 Pro Max,¥9999,,Apple Store 官方旗舰店,回头客200万,,浙江 嘉兴,https://detail.tmall.com/item.htm?id=975319697990&ns=1&abbucket=9&xxc=taobaoSearch&mi_id=0000I840bpkLIdhQx7A0N-PpSXjZLpEGGv4glnsiEUI4wMw&skuId=5928744881302,https://g-search2.alicdn.com/img/bao/uploaded/i4/i4/1917047079/O1CN01ikBYX322AEsImdIWn_!!4611686018427384103-0-item_pic.jpg_60x60.jpg,Apple/苹果,,6.9英寸,120Hz,,4800万,1TB,, 12期
974619066443,Apple/苹果 iPhone 17,¥5999,,Apple Store 官方旗舰店,回头客200万,,上海,https://detail.tmall.com/item.htm?id=974619066443&ns=1&abbucket=9&xxc=taobaoSearch&mi_id=0000fgmfpLWbYYyDmqQ7WWier9MnH1daw9Ge4ZpOgNhkZ2Y&skuId=5928750201002,https://g-search3.alicdn.com/img/bao/uploaded/i4/i4/1917047079/O1CN01A8J1Nn22AEsESZoFm_!!4611686018427384103-0-item_pic.jpg_60x60.jpg,Apple/苹果,,6.3英寸,120Hz,,4800万,256GB,, 12期; 48小时内发
999083742140,【国家补贴至高立省15%】vivo Y37t新款智能拍照手机大内存大电池长续航vivo官方旗舰店正品学生机,¥896.64,券后价,vivo手机官方旗舰店,回头客1万,4000+人付款,广西 南宁,https://detail.tmall.com/item.htm?id=999083742140&ns=1&abbucket=9&xxc=taobaoSearch&mi_id=0000R10qZIwX4LECiTMO-oG_9xRXvowy9t6-YqWw4ARb1X4&skuId=6057797961322,https://g-search2.alicdn.com/img/bao/uploaded/i4/i1/2207440821122/O1CN01IkZ79Y1K9vWLSUcUp_!!4611686018427386754-2-item_pic.png_60x60.jpg,vivo,,6.74英寸,90Hz,6000mAh,1300万像素,12GB+256GB,,满150减15; 政府补贴4%; 已补50元; 退货宝
1033263369687,honor/荣耀 Power2,¥3999,,锐鑫数码通信店,,4人付款,北京,https://item.taobao.com/item.htm?id=1033263369687&ns=1&abbucket=9&xxc=taobaoSearch&mi_id=0000kn9wp1CNUDy52UrnbfDFEF6qeaiJYNPENvMceOw7dE0&skuId=6047606237088,"https://g-search1.alicdn.com/img/bao/uploaded/i4/i4/2219715716225/O1CN01sT5C0A1vr6dbU7Usk~crop,14,0,593,593~_!!2219715716225.png_60x60.jpg",honor/荣耀,,6.79英寸,120Hz,10080mAh,,12GB+256GB,80W,
975321925872,Apple/苹果 iPhone 17 Pro,¥8999,,Apple Store 官方旗舰店,回头客200万,,上海,https://detail.tmall.com/item.htm?id=975321925872&ns=1&abbucket=9&xxc=taobaoSearch&mi_id=000097c53F_xV3-QVW_u6MB57xQDrlhkvZg7e9CMzSUkp5M&skuId=6094367051407,https://g-search2.alicdn.com/img/bao/uploaded/i4/i1/1917047079/O1CN01DtBrbE22AEsJ9NHLd_!!4611686018427384103-0-item_pic.jpg_60x60.jpg,Apple/苹果,,6.3英寸,120Hz,,4800万,1TB,, 12期
975934381119,【国家补贴/详情领淘金币抵扣】Apple/苹果 iPhone Air 全新官方正品 5G手机 全网通 2025新款,¥5696.28,券后价,中国移动天猫手机官方旗舰店,14年老店,6000+人付款,广东 广州,https://detail.tmall.com/item.htm?id=975934381119&ns=1&abbucket=9&xxc=taobaoSearch&mi_id=0000p7qhUl-htG1f-Itz1RwBN_HdNUKUGYO1ciO8G1pTgsg&skuId=5929784881052,https://g-search1.alicdn.com/img/bao/uploaded/i4/i2/713805254/O1CN01oRYHVc1ogO47dAqfO_!!4611686018427383238-0-item_pic.jpg_60x60.jpg,Apple/苹果,,6.5英寸,120Hz,3036mAh,4800万,256GB,20W,政府补贴5%; 淘金币已抵2.92元; 退货宝
975410041136,【至高优惠1800元】Apple/苹果 iPhone 17 Pro手机国行全新手机官方旗舰店官网5G全网通手机,¥8546.28,券后价,中国移动天猫手机官方旗舰店,14年老店,4000+人付款,广东 广州,https://detail.tmall.com/item.htm?id=975410041136&ns=1&abbucket=9&xxc=taobaoSearch&mi_id=00003BWjYsxI04bsUU4TsLh8xYj4ic3qx8LZZM3XbDsPtos&skuId=6093684254376,https://g-search3.alicdn.com/img/bao/uploaded/i4/i3/713805254/O1CN01qTcP2Q1ogO47mQjEl_!!4611686018427383238-0-item_pic.jpg_60x60.jpg,Apple/苹果,,6.3英寸,120Hz,,4800万,256GB,,政府补贴5%; 淘金币已抵2.92元; 退货宝
1041891893190,【国家补贴500元+至高减42元+礼品】Huawei/华为 Pura 90 新款手机 华为官方授权超长续航 pura 90 系列手机,¥4699,,信息港数码专营店,回头客2万,1人付款,广东 深圳,https://detail.tmall.com/item.htm?id=1041891893190&ns=1&abbucket=9&xxc=taobaoSearch&fpChannel=101&fpChannelSig=37be4959a6ebc6b960179b5b08bffc1556b309dd&mi_id=0000TXHJ1CbvdEoNyBaBfhH1KDA8TLhQVhOVliGAipptsK0&skuId=6069571217564,https://g-search3.alicdn.com/img/bao/uploaded/i4/i1/2201438992231/O1CN01TY06561SLql3uWNWU_!!4611686018427385703-0-item_pic.jpg_60x60.jpg,Huawei/华为,,6.8英寸,120Hz,6500mAh,5000万,12GB+256GB,,退货宝
855022988509,【12期免息】HUAWEI Mate X6分布式玄武架构鸿蒙大屏AI红枫原色影像华为官方旗舰店折叠旗舰华为手机,¥10149,券后价,华为官方旗舰店,回头客4万,3万+人付款,广东 东莞,https://detail.tmall.com/item.htm?id=855022988509&ns=1&abbucket=9&xxc=taobaoSearch&mi_id=0000975gzyGQm1Us7Cg5jbex1c7wmQg0TzJRIiMYOuNMYys&skuId=5667153161586,https://g-search2.alicdn.com/img/bao/uploaded/i4/i3/2838892713/O1CN01t2ZTIJ1Vuberp8XFp_!!4611686018427383977-0-item_pic.jpg_60x60.jpg,Huawei/华为,,7.93英寸,120Hz,5110mAh,,16GB+512GB,66W,政府补贴10%;  12期; 次日达; 退货宝
1035661086757,OnePlus/一加 Turbo 6V,¥2099,,智慧通达数码店,,6人付款,湖南 长沙,https://item.taobao.com/item.htm?id=1035661086757&ns=1&abbucket=9&xxc=taobaoSearch&mi_id=0000BBZFubPiPhaGKjx63GLtfRt3qnM9if54keb_3p-J08Y&skuId=6217772315446,https://g-search1.alicdn.com/img/bao/uploaded/i4/i4/2746107067/O1CN01OytgvJ224k7vQTgil_!!2746107067.jpg_60x60.jpg,OnePlus/一加,,6.78英寸,144Hz,9000mAh,,8GB+256GB,80W,
970888465112,【至高享12期免息】小米17 pro max手机新品新款上市小米徕卡联合研发小米官方旗舰小米澎湃OS小米17promax,¥5699.05,,小米官方旗舰店,回头客20万,6万+人付款,广东 深圳,https://detail.tmall.com/item.htm?id=970888465112&ns=1&abbucket=9&xxc=taobaoSearch&fpChannel=101&fpChannelSig=f11918a64c902cc36a29c168a4766373754f3af0&mi_id=00008DkLtFqoNWXyniE0IxO6MRaP-0ru95-PXnPVLEJ0djs&skuId=5937158536612,https://g-search2.alicdn.com/img/bao/uploaded/i4/i1/1714128138/O1CN01lEs2JR29zGJZKJgRS_!!4611686018427381002-2-item_pic.png_60x60.jpg,MIUI/小米,,6.9英寸,120Hz,7500mAh,5000万,16GB+1024GB,100w,政府补贴5%;  12期; 退货宝
930444616539,【直播间享大额优惠】vivo X Fold5新品上市折叠屏商务旗舰手机轻办公神器拍照官方旗舰店,¥6499,,vivo手机官方旗舰店,回头客1万,,广西 南宁,https://detail.tmall.com/item.htm?id=930444616539&ns=1&abbucket=9&xxc=taobaoSearch&fpChannel=101&fpChannelSig=a4b88548a87dab13b669392bc9f2e529a00984fe&mi_id=0000OsFJOuaqrI6niQX5ic7Gdvq18Ys7DuaK05nLwl7qm40&skuId=6236138671789,https://g-search3.alicdn.com/img/bao/uploaded/i4/i2/2207440821122/O1CN01CFlKx91K9vWJz3n9h_!!4611686018427386754-2-item_pic.png_60x60.jpg,vivo,,8.03英寸,120Hz,6000mAh,,16GB+512GB,80W,政府补贴10%; 退货宝
974156407837,【政府补贴/详情领淘金币抵扣】Apple/苹果 iPhone 17 Pro手机 5G全网通 2025新品官网全新原封正品手机,¥8546.28,券后价,中国移动天猫手机官方旗舰店,14年老店,1万+人付款,广东 广州,https://detail.tmall.com/item.htm?id=974156407837&ns=1&abbucket=9&xxc=taobaoSearch&mi_id=0000n2ZO5bIKwC2g-UQ7lV6YPBSSbCBXVdB1_sET_O-tzsA&skuId=6094495443970,https://g-search3.alicdn.com/img/bao/uploaded/i4/i4/713805254/O1CN01Hbg1Or1ogO47xoaXN_!!4611686018427383238-0-item_pic.jpg_60x60.jpg,Apple/苹果,,6.3英寸,120Hz,,4800万,256GB,,政府补贴5%; 淘金币已抵2.92元; 退货宝
975365345395,【国家补贴】Apple/苹果 iPhone 17 手机,¥5666.08,券后价,Apple授权专营店-国家补贴,,1万+人付款,北京,https://detail.tmall.com/item.htm?id=975365345395&ns=1&abbucket=9&xxc=taobaoSearch&mi_id=0000thIqwFKsOfvd86-ZgaC-X0_xRxp4lXPgDtcSzBPDrRg&skuId=5927518616252,https://g-search3.alicdn.com/img/bao/uploaded/i4/i4/2219670795289/O1CN01YYtEHJ1owPvPfXBRZ_!!4611686018427384857-0-item_pic.jpg_60x60.jpg,Apple/苹果,,6.3英寸,120Hz,3692mAh,4800万,256GB,40W,已补300元; 淘金币已抵2.92元
,,¥,,,,,,,,,,,,,,,,
,,¥,,,,,,,,,,,,,,,,
973276544290,【国家补贴至高立省500元】vivo X300新品蔡司2亿超级主摄天玑9500拍照学生智能手机官方旗舰店官网,¥3659.4,补贴价,百亿补贴品牌优选,回头客1万,,广西 南宁,https://detail.tmall.com/item.htm?id=973276544290&ns=1&abbucket=9&xxc=taobaoSearch&umpChannel=bybtqdyh&u_channel=bybtqdyh&fpChannel=101&fpChannelSig=00615b599e90806c2042fcd2735b7f317358da7b&mi_id=0000I8QKRp06m7axWfGIwfBHFmizvn2MeiYH_0VP-bj1A2E&skuId=6048112888561&maskChannel=bybtrs,https://g-search2.alicdn.com/img/bao/uploaded/i4/i4/2207440821122/O1CN01nPLaDK1K9vWLkYJz5_!!2207440821122.png_60x60.jpg,vivo,,6.31英寸,120Hz,6040mAh,,16GB+512GB,,政府补贴10%; 已补533元; 超级爆款; 退货宝
971520952713,【至高12期分期免息】小米17 Pro手机新品上市小米徕卡联合研发小米官方旗舰店官网小米澎湃OS小米17pro,¥4749.05,,小米官方旗舰店,回头客20万,5万+人付款,广东 深圳,https://detail.tmall.com/item.htm?id=971520952713&ns=1&abbucket=9&xxc=taobaoSearch&fpChannel=101&fpChannelSig=13752cd05763d456e959fb26c08e5f47c02caf93&mi_id=0000NwXPy_JhFQOPlTB4hXbrGs4PPosm5t2AVZXU-xBDYmU&skuId=6104030007158,https://g-search1.alicdn.com/img/bao/uploaded/i4/i2/1714128138/O1CN01lCPzpX29zGJYi82Zz_!!4611686018427381002-2-item_pic.png_60x60.jpg,MIUI/小米,,6.3英寸,120Hz,6300mAh,5000万,12GB+512GB,,政府补贴5%;  12期; 退货宝
924164846518,华为畅享 80 超能续航玄甲架构双五星超耐摔鸿蒙手机百亿补贴官方,¥799,补贴价,百亿补贴官方精选,回头客100万,3万+人付款,浙江 杭州,https://detail.tmall.com/item.htm?id=924164846518&ns=1&abbucket=9&xxc=taobaoSearch&umpChannel=bybtqdyh&u_channel=bybtqdyh&fpChannel=101&fpChannelSig=2c33fabdab42d78fe056314de108aae01a11bef1&mi_id=0000RzFZMv7iDzGV-kef_QDw4XJYw2oaEWHcSmvK_oFweGA&skuId=5970935187596,https://g-search3.alicdn.com/img/bao/uploaded/i4/i1/2217587502021/O1CN01i3CPAR1QnfVr74THj_!!4611686018427382725-2-item_pic.png_60x60.jpg,Huawei/华为,,6.67英寸,90Hz,6620mAh,5000万,,40W,已补250元
1035254609196,Apple/苹果 iPhone 16 Pro原装正品手机苹果16promax全网通5G双卡,¥4458,券后价,领航数码3C,,600+人付款,广东 深圳,https://item.taobao.com/item.htm?id=1035254609196&ns=1&abbucket=9&xxc=taobaoSearch&mi_id=0000Z9Kxf2SqHPQ53aqBQ7TSTM-riFPjzwvxJTPjl3IkP5U&skuId=6215472515168,https://g-search1.alicdn.com/img/bao/uploaded/i4/i1/698845651/O1CN01IWOyy01rcDISPOca7_!!698845651.jpg_60x60.jpg,Apple/苹果,,6.3英寸,120Hz,3582mAh,,128GB,20W,退货宝; 48小时内发; 公益宝贝
1033968861706,iPhone 13国行正品Apple/苹果14全网通5G手机iphone15双卡pro max,¥1970,券后价,万通数码通讯,,100+人付款,广东 深圳,https://item.taobao.com/item.htm?id=1033968861706&ns=1&abbucket=9&xxc=taobaoSearch&mi_id=0000ss1wE5cM8qiYzv1tnsGONwyWnC2P5ntCJjzPWvpjwh8&skuId=6213396107556,https://g-search3.alicdn.com/img/bao/uploaded/i4/i4/1103597569/O1CN01pUf2ka25mex09zxPs_!!1103597569.jpg_60x60.jpg,,,6.1英寸,60Hz,3095mAh,双1200万,256GB,20W,退货宝; 48小时内发
1025549639072,【国家补贴】Apple/苹果 iPhone 17e 手机,¥4466.08,券后价,Apple授权专营店-国家补贴,,1000+人付款,北京,https://detail.tmall.com/item.htm?id=1025549639072&ns=1&abbucket=9&xxc=taobaoSearch&mi_id=0000WdwYsoZvk7jPFciy2V6gGiaEJjSyGGSUvk0UQ1sJf8k&skuId=6203143999526,https://g-search1.alicdn.com/img/bao/uploaded/i4/i4/2219670795289/O1CN01fDRDr21owPuyEjFMe_!!4611686018427384857-0-item_pic.jpg_60x60.jpg,Apple/苹果,,6.1英寸,60Hz,,4800万,512GB,20W, 12期; 淘金币已抵2.92元
1043647552299,OPPO Find N6 折叠屏 2亿像素主摄 80W快充 第五代晓龙 12Hz,¥8389,,泰山数码,,0人付款,广东 深圳,https://item.taobao.com/item.htm?id=1043647552299&ns=1&abbucket=9&xxc=taobaoSearch&mi_id=0000g9DuwC4w9txhz1xUzIuE1onGtKF5OsWARp9vUsuU2E8&skuId=6063835105307,https://g-search3.alicdn.com/img/bao/uploaded/i4/i1/752907271/O1CN01Ngch6Z23aAvaZqqvh_!!752907271.jpg_60x60.jpg,OPPO,,8.12英寸,120Hz,6000mAh,,16GB+1TB,,退货宝; 48小时内发
1036896912621,vivo Y500s新品手机官方旗舰店官网正品7200mAh超薄大电池大内存耐用抗摔,¥1709.05,券后价,vivo手机官方旗舰店,回头客1万,71人付款,广西 南宁,https://detail.tmall.com/item.htm?id=1036896912621&ns=1&abbucket=9&xxc=taobaoSearch&mi_id=0000ism41z6NWle87Np924GTvxPN0IsS_w8MpxGURA8lK0U&skuId=6216309074738,https://g-search1.alicdn.com/img/bao/uploaded/i4/i2/2207440821122/O1CN011N2YNK1K9vWPAeLAa_!!4611686018427386754-2-item_pic.png_60x60.jpg,vivo,,6.75英寸,120Hz,7200mAh,,8GB+256GB,,政府补贴5%; 热销爆款; 退货宝
988101274021,MIUI/小米 Xiaomi 15 Pro骁龙8至尊旗舰5G徕卡影像手机小米15pro,¥2378,,品盛数码通讯,,47人付款,广东 潮州,https://item.taobao.com/item.htm?id=988101274021&ns=1&abbucket=9&xxc=taobaoSearch&mi_id=00009Ym9WoE1Wi0yxM9KQT0vVnBqz1rcZt-OHdKEI3N8Hkw&skuId=5953531076190,https://g-search2.alicdn.com/img/bao/uploaded/i4/i3/2162192073/O1CN01a2Z4hd1RBU8sDEhEn_!!2162192073.jpg_60x60.jpg,MIUI/小米,,6.73英寸,120Hz,6100mAh,,12GB+256GB,,退货宝
1003696890475,【国家补贴至高立省500元】vivo S50 超声波指纹 拍照新款学生手机官方旗舰店正品官网新款s30,¥2549.15,国补后,天猫优品官方旗舰店,回头客40万,2人付款,广东 东莞,https://detail.tmall.com/item.htm?id=1003696890475&ns=1&abbucket=9&xxc=taobaoSearch&mi_id=0000ExFyOuXevEyGDHJKSnVJT_3_fZsURANH-x38Ssp25Fw&skuId=5996926021552,https://g-search3.alicdn.com/img/bao/uploaded/i4/i3/2218536532979/O1CN01fNvxhy1XsQztCu2pm_!!4611686018427386867-0-item_pic.jpg_60x60.jpg,vivo,,6.59英寸,120Hz,6500mAh,,12GB+256GB,,国家补贴15%; 退货宝; 对公支付
1027621806189,【新品上市 24期免息】vivo X300 Ultra 新品蔡司大师镜头群拍照学生智能大电池手机官方旗舰店官网正品新款,¥6999,,vivo手机官方旗舰店,回头客1万,,广西 南宁,https://detail.tmall.com/item.htm?id=1027621806189&ns=1&abbucket=9&xxc=taobaoSearch&fpChannel=101&fpChannelSig=9f9e4da857f8ff93fd9eaa44319cf7e82bd71177&mi_id=0000K076FSOlLRJDtNnedzaB_XFdOYMKfRmjWPejzZm-mA4&skuId=6218527795452,https://g-search3.alicdn.com/img/bao/uploaded/i4/i3/2207440821122/O1CN012Sh2jl1K9vWMdszWs_!!4611686018427386754-2-item_pic.png_60x60.jpg,vivo,,6.82英寸,144Hz,6600mAh,,16GB+512GB,,超级爆款;  24期; 退货宝
1031343044568,Apple/苹果 iPhone 15 Pro Max国行正品Plus苹果15Pro 双卡5G手机,¥3849,券后价,智享数码科技 15年老店,,200+人付款,广东 深圳,https://item.taobao.com/item.htm?id=1031343044568&ns=1&abbucket=9&xxc=taobaoSearch&mi_id=0000Bq4mt_o1taET3ahOzuL0HQtNxzGShxjCTtVhcIkYwIo&skuId=6222998402612,https://g-search1.alicdn.com/img/bao/uploaded/i4/i1/274936762/O1CN01v9pTqO1zp3K98iGCw_!!274936762.jpg_60x60.jpg,Apple/苹果,,6.1英寸,120Hz,3274mAh,,512GB,20W,官方立减40元;  3期; 退货宝
835715171087,【下拉详情更优惠】Apple/苹果 iPhone 17 官方旗舰店正品5G手机,¥5496.08,券后价,苏宁易购官方旗舰店,回头客40万,4000+人付款,江苏 南京,https://detail.tmall.com/item.htm?id=835715171087&ns=1&abbucket=9&xxc=taobaoSearch&mi_id=00001DxRKprY-9Z8E3KYm2pE-mmY5d0RmTZpWPjS3PgJOk4&skuId=6099167910675,https://g-search1.alicdn.com/img/bao/uploaded/i4/i1/2616970884/O1CN01TAiPhS1IOvFczNNNH_!!4611686018427383428-2-item_pic.png_60x60.jpg,Apple/苹果,,6.3英寸,120Hz,3692mAh,4800万,512GB,40W,政府补贴15%;  3期; 淘金币已抵2.92元
916073953899,MIUI/小米 Redmi Note 14 Pro 5G手机,¥1307.28,券后价,小米山林奕心专卖店,,200+人付款,上海,https://detail.tmall.com/item.htm?id=916073953899&ns=1&abbucket=9&xxc=taobaoSearch&mi_id=0000xvnC3pd6zBRVpGy2MWoN_pimruAogBh5b5evK8r9WHQ&skuId=5782003280672,https://g-search2.alicdn.com/img/bao/uploaded/i4/i1/2218608788268/O1CN01SOupdU2AwnilFxrNH_!!4611686018427380524-0-item_pic.jpg_60x60.jpg,MIUI/小米,,6.67英寸,120Hz,5500mAh,,12GB+256GB,,政府补贴5%;  3期; 淘金币已抵2.92元; 退货宝; 48小时内发
,,¥,,,,,,,,,,,,,,,,
976085496443,iPhone 17 Pro Max 苹果 百亿补贴,¥8609,补贴价,百亿补贴官方精选,回头客100万,,浙江 杭州,https://detail.tmall.com/item.htm?id=976085496443&ns=1&abbucket=9&xxc=taobaoSearch&umpChannel=bybtqdyh&u_channel=bybtqdyh&fpChannel=101&fpChannelSig=c4f7fc0763cf5e6a4cbb1c0f016b083f0020db59&mi_id=0000YUIYwqDOBVEYj_rDsVp7SIvqBZspwL4f-5kyHRdIwg8&skuId=5928987633360,https://g-search1.alicdn.com/img/bao/uploaded/i4/i1/2217587502021/O1CN019Xd0Ay1QnfXU1GES3_!!4611686018427382725-2-item_pic.png_60x60.jpg,Apple/苹果,,6.9英寸,120Hz,4823mAh,4800万,,40W,已补2300元
983064773979,MIUI/小米 Xiaomi 15骁龙8至尊版澎湃OS徕卡影像游戏5G手机小米15,¥2028,,品盛数码通讯,,89人付款,广东 潮州,https://item.taobao.com/item.htm?id=983064773979&ns=1&abbucket=9&xxc=taobaoSearch&mi_id=0000PrLw308yFJn1g2cPDSh4g3Gie5S3GkHU_QtZ2UKpQ3s&skuId=5943600393440,https://g-search3.alicdn.com/img/bao/uploaded/i4/i3/2162192073/O1CN01o6E34r1RBU8mIAT2F_!!2162192073.jpg_60x60.jpg,MIUI/小米,,6.36英寸,120Hz,5400mAh,,12GB+256GB,,退货宝
1005866866350,现货honor/荣耀 V Purse 荣耀V超长续航折叠正品激活5G全网通手机,¥3134.6,券后价,华正品手机店,8年老店,11人付款,上海,https://item.taobao.com/item.htm?id=1005866866350&ns=1&abbucket=9&xxc=taobaoSearch&mi_id=0000H7wMEUjGhsCUqc9bf-5NgR-s5rH_3nlh7VnHqyCjrY8&skuId=6167448163286,https://g-search3.alicdn.com/img/bao/uploaded/i4/i3/2825390755/O1CN0102peZn1HRq8wVrlNU_!!2825390755.png_60x60.jpg,honor/荣耀,,7.71英寸,,4500mAh,,16GB+256GB,,官方立减32元; 退货宝
1029486226915,【新品可叠国补】华为畅享 90 Pro Max 8500mAh华为巨鲸大电池鸿蒙AI流畅丝滑直屏手机华为官方旗舰店,¥1699,,华为官方旗舰店,回头客4万,,广东 东莞,https://detail.tmall.com/item.htm?id=1029486226915&ns=1&abbucket=9&xxc=taobaoSearch&fpChannel=101&fpChannelSig=d58fa35b4654e0e30b3bf592ec2eb0de9f24d9ac&mi_id=0000yd440mxAvb2G3GSU2CAOloaO_3RjCLonZ_LOt3_tFMs&skuId=6044494005881,https://g-search3.alicdn.com/img/bao/uploaded/i4/i3/2838892713/O1CN015Uwc4Z1VubeyTJTrp_!!4611686018427383977-0-item_pic.jpg_60x60.jpg,Huawei/华为,,6.84英寸,120Hz,8500mAh,5000万,256GB,,退货宝
1019952337273,iPhone 16e 全原装6.1寸直播wifi手机全网通5G双卡iphone16E手机,¥1699.08,券后价,华强数码通讯店铺,,400+人付款,广东 深圳,https://item.taobao.com/item.htm?id=1019952337273&ns=1&abbucket=9&xxc=taobaoSearch&mi_id=0000jSx6SkMAMTiHXg4Z_KDYBn_wTvFCnnP8pWigrEXYqs4&skuId=6034272733983,https://g-search1.alicdn.com/img/bao/uploaded/i4/i2/859687387/O1CN01l0OH0B24RIrU8xmPa_!!859687387.jpg_60x60.jpg,Apple/苹果,,6.1英寸,60Hz,3279mAh,,128GB,20W,官方立减18元; 淘金币已抵2.92元; 退货宝; 48小时内发
1033368581170,Huawei/华为 Mate X7 12GB+512GB,¥13999,,安信数码小店,,4人付款,广东 深圳,https://item.taobao.com/item.htm?id=1033368581170&ns=1&abbucket=9&xxc=taobaoSearch&mi_id=00009cKvBaOUQ_iTRTxqdpl2dLynoQFxQ0eWrutaMi7a2Do&skuId=6212076826210,https://g-search3.alicdn.com/img/bao/uploaded/i4/i1/2206956397238/O1CN01KLWAfc23L3qvYq5vf_!!2206956397238.jpg_60x60.jpg,Huawei/华为,,8英寸,120Hz,5525mAh,5000万,12GB+512GB,66W,
644097729891,【国家补贴500元】HUAWEI/华为 Pura 90 Pro 超聚光微距长焦 XMAGE智拍 华为手机pura90pro官方旗舰店2127,¥5499,,苏宁易购官方旗舰店,回头客40万,300+人付款,江苏 南京,https://detail.tmall.com/item.htm?id=644097729891&ns=1&abbucket=9&xxc=taobaoSearch&mi_id=0000KXak-vOPAeqmtM07m0IB1kizwS0trvKrY7AGVz0l7T8&skuId=6063977628456,https://g-search3.alicdn.com/img/bao/uploaded/i4/i1/2616970884/O1CN01FOKgmn1IOvG1zx1Ya_!!4611686018427383428-0-item_pic.jpg_60x60.jpg,Huawei/华为,,6.6英寸,120Hz,6000mAh,5000万,12GB+512GB,66W,
1037402812320,【新品上市】OPPO A6s Pro IP69K满级防水超级暴雨触控手机政府补贴oppo官方旗舰店oppoa6spro正品手机新款,¥1919.04,券后价,OPPO官方旗舰店,回头客2万,91人付款,广东 东莞,https://detail.tmall.com/item.htm?id=1037402812320&ns=1&abbucket=9&xxc=taobaoSearch&mi_id=0000p0vv-4gRg3x0mBn2iKm_m1YbVtoBiOcniGqG5eVGs4A&skuId=6226454222462,https://g-search3.alicdn.com/img/bao/uploaded/i4/i4/901409638/O1CN01nuMIhm2L4GPyy0539-901409638.jpg_60x60.jpg,OPPO,,6.57英寸,120Hz,7000mAh,,8GB+256GB,,政府补贴4%; 退货宝
974725466459,iPhone 17 Pro 百亿补贴 Apple/苹果,¥7709,补贴价,百亿补贴官方精选,回头客100万,,浙江 杭州,https://detail.tmall.com/item.htm?id=974725466459&ns=1&abbucket=9&xxc=taobaoSearch&umpChannel=bybtqdyh&u_channel=bybtqdyh&fpChannel=101&fpChannelSig=750b15eedbe9b03ce3b4ed296a26b2be21f5b18c&mi_id=000040bRWNkSlpNABfnKPwWRwyhjY-NMqw_ohHyLkU73M_I&skuId=6093707430911,https://g-search3.alicdn.com/img/bao/uploaded/i4/i4/2217587502021/O1CN01B3GKyB1QnfXS0QjKf_!!4611686018427382725-2-item_pic.png_60x60.jpg,Apple/苹果,,6.3英寸,120Hz,3988mAh,4800万,,40W,已补1989元
979693062676,小米MIUI/小米 Xiaomi 15 Pro旗舰手机,¥2359,,简三数码,,100+人付款,上海,https://item.taobao.com/item.htm?id=979693062676&ns=1&abbucket=9&xxc=taobaoSearch&mi_id=0000K9I_kQgCRtLJg53TWBW-x_rYnQvsrt7-REcmB34iDEQ&skuId=6103509839511,https://g-search3.alicdn.com/img/bao/uploaded/i4/i3/2657743992/O1CN01KGXAX41fMODFLuPuG_!!2657743992.jpg_60x60.jpg,MIUI/小米,,6.73英寸,120Hz,6100mAh,,16GB+1024GB,,
974265091369,【需当面签收激活】iPhone 17 Apple/苹果,¥5079,补贴价,百亿补贴官方精选,回头客100万,,浙江 杭州,https://detail.tmall.com/item.htm?id=974265091369&ns=1&abbucket=9&xxc=taobaoSearch&umpChannel=bybtqdyh&u_channel=bybtqdyh&fpChannel=101&fpChannelSig=529a4cf26dd0a8d7e51aaafa2ea68498b3ae4180&mi_id=00007gXQkoGR0DkUmv6w_LAWxkrTwWn9_b4_dVJ8pBB8Mbo&skuId=6094693491213,https://g-search1.alicdn.com/img/bao/uploaded/i4/i4/2217587502021/O1CN01pme3SI1QnfXRrEaCN_!!4611686018427382725-0-item_pic.jpg_60x60.jpg,Apple/苹果,,6.3英寸,120Hz,3692mAh,4800万,,40W,已补1420元
972636145415,【国家补贴至高立省500元】vivo X300 Pro新品蔡司2亿APO超级长焦天玑9500拍照手机官方旗舰店官网,¥4603,补贴价,百亿补贴品牌优选,回头客1万,,广西 南宁,https://detail.tmall.com/item.htm?id=972636145415&ns=1&abbucket=9&xxc=taobaoSearch&umpChannel=bybtqdyh&u_channel=bybtqdyh&fpChannel=101&fpChannelSig=c96a009df17708584d67001edffb36ad1fc95f4a&mi_id=0000vxp-t60-gKngEoGCl9ao_S6etvZHPAC854ERRz8wato&skuId=6038799537786&maskChannel=bybtrs,https://g-search3.alicdn.com/img/bao/uploaded/i4/i1/2207440821122/O1CN01j5Q93h1K9vWMS4ElG_!!2207440821122.png_60x60.jpg,vivo,,6.78英寸,120Hz,6510mAh,,16GB+512GB,,政府补贴10%; 已补596元; 超级爆款; 退货宝
986414503123,【阿里官方自营】vivo iQOO Z10 Turbo+正品新款天玑9400+大电池iQOO官方旗舰店官网学生游戏-199,¥2217.3,券后价,喵速达电器官方旗舰店,回头客60万,500+人付款,广东 东莞,https://detail.tmall.com/item.htm?id=986414503123&ns=1&abbucket=9&xxc=taobaoSearch&mi_id=00002wNhbMp9SGvfT8ZGXmw1OJGRWFK5eknYjxVjvW22Noo&skuId=6117044578443,https://g-search3.alicdn.com/img/bao/uploaded/i4/i1/2213856588863/O1CN01sUx3NS2FLJQgxmiRF_!!4611686018427384895-2-item_pic.png_60x60.jpg,vivo,,6.78英寸,144Hz,8000mAh,5000万,16GB+512GB,,满150减15; 政府补贴5%; 热销爆款; 退货宝
986465003180,【新品可叠国家补贴】HUAWEI Mate70 Air 6.6mm超薄长续航7英寸华为临境大屏红枫原色影像华为官方旗舰店手机,¥3743.04,券后价,华为官方旗舰店,回头客4万,,广东 东莞,https://detail.tmall.com/item.htm?id=986465003180&ns=1&abbucket=9&xxc=taobaoSearch&mi_id=000036MBcCMaXNGh6U6VWR6y63kRL3pMTwW36FpR3S0xctY&skuId=5964154793908,https://g-search2.alicdn.com/img/bao/uploaded/i4/i1/2838892713/O1CN01oDfIE11VubeqGSrEO_!!4611686018427383977-2-item_pic.png_60x60.jpg,Huawei/华为,,7英寸,120Hz,6500mAh,5000万,16GB+512GB,66W,政府补贴4%;  12期; 次日达; 退货宝
1034886023312,【3期免息】OPPO真我Neo7Turbo天玑9400e 7200mAh长续航学生智能AI游戏性能手机官方旗舰店realme正品,¥1999,,OPPO官方旗舰店,回头客2万,7人付款,广东 东莞,https://detail.tmall.com/item.htm?id=1034886023312&ns=1&abbucket=9&xxc=taobaoSearch&mi_id=0000vlMXAA8BhtUZBYs3utFc6bXFOCY-qmNQp0aoEpLl0Rw&skuId=6217660455114,https://g-search2.alicdn.com/img/bao/uploaded/i4/i2/901409638/O1CN01y48iK42L4GPrY5vB4_!!4611686018427382630-0-item_pic.jpg_60x60.jpg,Realme/真我,,6.8英寸,144Hz,7200mAh,5000万,12GB+256GB,, 3期; 退货宝
988981343953,新品上市 OPPO Reno15 手机政府补贴正品新款学生精致小直屏 2 亿像素超清影像oppo手机官方旗舰店opporeno15,¥2768.64,券后价,OPPO官方旗舰店,回头客2万,5万+人付款,广西 南宁,https://detail.tmall.com/item.htm?id=988981343953&ns=1&abbucket=9&xxc=taobaoSearch&mi_id=0000MyHxbRQG1adhpvbNcrdlCUT-hSMc7oChyl83ufDDo9U&skuId=5967535697314,https://g-search3.alicdn.com/img/bao/uploaded/i4/i3/901409638/O1CN01YcuwQt2L4GPsu6otG_!!4611686018427382630-0-item_pic.jpg_60x60.jpg,OPPO,,6.32英寸,120Hz,6200mAh,,12GB+512GB,,满150减15; 政府补贴4%;  6期; 退货宝
862798460242,【政府补贴15%】小米15手机 徕卡光学Summilux高速镜头骁龙8至尊版移动平台澎湃OS 5g手机,¥2896.55,,天猫优品官方旗舰店,回头客40万,1000+人付款,浙江 杭州,https://detail.tmall.com/item.htm?id=862798460242&ns=1&abbucket=9&xxc=taobaoSearch&fpChannel=101&fpChannelSig=c7c88aec6ff80f37cec5a0f829c5fa8467663a2e&mi_id=0000CPLNV1vKripwshhyyWmd4rvh6woNHgPOl2dQLFqkLDA&skuId=5850774391366,https://g-search3.alicdn.com/img/bao/uploaded/i4/i4/2218536532979/O1CN01OXNOy81XsR11ZTK8A_!!4611686018427386867-0-item_pic.jpg_60x60.jpg,MIUI/小米,,6.36英寸,120Hz,5400mAh,,16GB+1024GB,,政府补贴5%; 超级爆款; 退货宝; 对公支付
985814375838,honor/荣耀 GT 全网通5G三代骁龙8旗舰NFC游戏学生智能手机90GT,¥1589,券后价,广信通讯2024,,14人付款,广东 深圳,https://item.taobao.com/item.htm?id=985814375838&ns=1&abbucket=9&xxc=taobaoSearch&mi_id=0000cM_K3HVZQmudcSHIrUYzfcrpMWsaPBGfOwX6kFtiUvI&skuId=6212058786526,https://g-search1.alicdn.com/img/bao/uploaded/i4/i4/4281645431/O1CN01Olk7nQ1pzS8AqLUfG_!!4281645431.jpg_60x60.jpg,honor/荣耀,,6.7英寸,120Hz,5300mAh,,12GB+256GB,100w,退货宝
1040489867824,【国家补贴15%】vivo Y6t新品手机官方旗舰店官网正品6500mAh超薄大电池大内存学生,¥1299,,vivo手机官方旗舰店,回头客1万,6人付款,广东 东莞,https://detail.tmall.com/item.htm?id=1040489867824&ns=1&abbucket=9&xxc=taobaoSearch&fpChannel=101&fpChannelSig=c1d8c09e2f1cd05bf6069e73e6038d1e8f6ac9cf&mi_id=0000rw0uf1Q8lYaPtgfm79JY-WSqMAhXbus10hSpturThuE&skuId=6231317199443,https://g-search3.alicdn.com/img/bao/uploaded/i4/i1/2207440821122/O1CN01Hq36ZO1K9vWPnQxSj_!!4611686018427386754-2-item_pic.png_60x60.jpg,vivo,,6.74英寸,120Hz,6500mAh,1300万像素,8GB+128GB,,退货宝
1035629906838,【新品上市】OPPO A6s Pro 超流畅ColorOS16超级暴雨触控手机政府补贴oppo官方旗舰店oppoa6spro智能手机,¥1919.04,券后价,OPPO官方旗舰店,回头客2万,36人付款,广东 东莞,https://detail.tmall.com/item.htm?id=1035629906838&ns=1&abbucket=9&xxc=taobaoSearch&mi_id=0000ZmTcCwi-e1gczdpYQ_a-OlsPC1Yt5GvbeWFx9wNS3j8&skuId=6062244681101,https://g-search2.alicdn.com/img/bao/uploaded/i4/i3/901409638/O1CN01vvSVgf2L4GPtsYWsD_!!4611686018427382630-0-item_pic.jpg_60x60.jpg,OPPO,,6.57英寸,120Hz,7000mAh,,8GB+128GB,,政府补贴4%; 退货宝
1041888129209,【新品预售】Huawei/华为 Pura 90 Pro新款手机官方旗舰店游戏直屏手机数码鸿蒙系统智能pura 80旗舰手机,¥5999,券后价,华为手机专卖店,,6人付款,湖北 武汉,https://detail.tmall.com/item.htm?id=1041888129209&ns=1&abbucket=9&xxc=taobaoSearch&mi_id=0000646BJ7xeGa8fC1MtZUw8cyDZZm889zST1QHt92iJxSE&skuId=6227222566686,https://g-search3.alicdn.com/img/bao/uploaded/i4/i2/2217693185585/O1CN01B2RUaq1r7zAAck5t1_!!4611686018427381297-0-item_pic.jpg_60x60.jpg,Huawei/华为,,6.6英寸,120Hz,6000mAh,5000万,12GB+256GB,66W,退货宝
970882253980,小米17手机新品新款上市小米徕卡联合研发小米官方旗舰店官网小米澎湃OS,¥3884.55,券后价,小米官方旗舰店,回头客20万,7000+人付款,广东 广州,https://detail.tmall.com/item.htm?id=970882253980&ns=1&abbucket=9&xxc=taobaoSearch&mi_id=0000wVnix5GSYBIVz04FaecM5aJUhDZbAiIWzssUcYv67lU&skuId=6103225022692,https://g-search1.alicdn.com/img/bao/uploaded/i4/i1/1714128138/O1CN01NjZbVK29zGJhFKaf2_!!4611686018427381002-2-item_pic.png_60x60.jpg,MIUI/小米,,6.3英寸,120Hz,7000mAh,5000万,16GB+512GB,100w,政府补贴5%;  12期; 退货宝
918096042937,【政府补贴至高15%】vivo iQOO Z10 Turbo 新品5G手机 iqooz10爱酷官方正品Z10 Turbo,¥1880.05,,天猫优品官方旗舰店,回头客40万,2000+人付款,浙江 杭州,https://detail.tmall.com/item.htm?id=918096042937&ns=1&abbucket=9&xxc=taobaoSearch&fpChannel=101&fpChannelSig=61bef2e6fa61b2c8c0b982e96b84b2ef8e438f0d&mi_id=00002MpOkyjZlh8tVnaUERH5j4VMkgfO7ytYWCvv9C1Ri8M&skuId=5953915978714,https://g-search3.alicdn.com/img/bao/uploaded/i4/i2/2218536532979/O1CN01kPwCam1XsR0e7TT0A_!!4611686018427386867-0-item_pic.jpg_60x60.jpg,iQOO,,6.78英寸,144Hz,7620mAh,5000万,16GB+512GB,,政府补贴5%; 热销爆款; 退货宝; 对公支付
900656021797,【国家补贴至高立省500元】vivo X200s新品蔡司天玑9400+旗舰芯拍照学生智能手机vivo官方旗舰店官网,¥4199,,vivo手机官方旗舰店,回头客1万,4000+人付款,广西 南宁,https://detail.tmall.com/item.htm?id=900656021797&ns=1&abbucket=9&xxc=taobaoSearch&fpChannel=101&fpChannelSig=09e1d0a00889fccad274771e6146691f614388e4&mi_id=0000S41NB_-GUdBmWYxyG2sX-NXWQbEEmvOR-bzPHYI5Tc0&skuId=6235301510303,https://g-search3.alicdn.com/img/bao/uploaded/i4/i3/2207440821122/O1CN01FlPtEG1K9vWOqRoAU_!!4611686018427386754-2-item_pic.png_60x60.jpg,vivo,,6.67英寸,120Hz,6200mAh,,12GB+256GB,,超级爆款; 退货宝
919810144588,【阿里自营 政府补贴】OPPO Reno14  日月光 高清长焦实况潮流配色 满级防水 学生游戏拍照 5G全网通手机,¥2264.8,券后价,喵速达电器官方旗舰店,回头客60万,3000+人付款,浙江 杭州,https://detail.tmall.com/item.htm?id=919810144588&ns=1&abbucket=9&xxc=taobaoSearch&mi_id=0000tqumLKexyp3sWhTVFqEKmpZrp6uFQ4lgCcerwdxa9hM&skuId=5802594605172,https://g-search2.alicdn.com/img/bao/uploaded/i4/i3/2213856588863/O1CN01MGqRBP2FLJQDKagWM_!!4611686018427384895-2-item_pic.png_60x60.jpg,OPPO,,6.59英寸,120Hz,6000mAh,,12GB+512GB,80W,满150减15; 政府补贴5%;  6期; 退货宝
982455600746,vivo iQOO Neo11新品骁龙8至尊长续航国补手机iQOO官方旗舰店官网正品iqooneo11游戏手机,¥2957.84,券后价,vivo手机官方旗舰店,回头客1万,4000+人付款,广西 南宁,https://detail.tmall.com/item.htm?id=982455600746&ns=1&abbucket=9&xxc=taobaoSearch&mi_id=0000yukJ2EdWmuh7DZ3y-eTNbsU4HiCrvE0fx-BkLxwTYA0&skuId=6070691448881,https://g-search2.alicdn.com/img/bao/uploaded/i4/i2/2207440821122/O1CN016OBYeH1K9vWO0k9pC_!!4611686018427386754-0-item_pic.jpg_60x60.jpg,vivo,,6.82英寸,144Hz,7500mAh,5000万,12GB+256GB,,满150减15; 政府补贴4%;  3期; 淘金币已抵2.92元; 退货宝
1028531909651,【新品上市 24期免息】vivo X300s 新品蔡司2亿超级主摄政府补贴拍照学生智能大电池手机官方旗舰店官网正品,¥4499.1,,vivo手机官方旗舰店,回头客1万,,广西 南宁,https://detail.tmall.com/item.htm?id=1028531909651&ns=1&abbucket=9&xxc=taobaoSearch&fpChannel=101&fpChannelSig=8232bb869f1ce9cd793009c3b0d0636b10c77785&mi_id=0000Arli_Rtln5Pqxnwg_ebiuxweYimG61U8VdKwLm8XQ_M&skuId=6050292692325,https://g-search3.alicdn.com/img/bao/uploaded/i4/i1/2207440821122/O1CN01WzvPXi1K9vWNPIjHn_!!4611686018427386754-2-item_pic.png_60x60.jpg,vivo,,6.78英寸,144Hz,7100mAh,,12GB+256GB,,政府补贴10%; 超级爆款;  24期; 退货宝
1042343726796,【新品上市】HONOR/荣耀X80i 5G智能手机 超韧精研金属中框1.5K荣耀绿洲护眼屏官方旗舰店官网正品,¥1499,,创宇嘉汇数码专营店,13年老店,3人付款,广东 深圳,https://detail.tmall.com/item.htm?id=1042343726796&ns=1&abbucket=9&xxc=taobaoSearch&mi_id=0000oriUZLjPDkRhk8LJKgwGCBiNBmkJuv_BeBclFpe6tic&skuId=6065631593476,https://g-search2.alicdn.com/img/bao/uploaded/i4/i3/909410026/O1CN01b4pLiJ1C3xQp5jHiq_!!4611686018427387626-0-item_pic.jpg_60x60.jpg,honor/荣耀,,6.6英寸,120Hz,7000mAh,,8GB+256GB,,24小时内发; 退货宝
917078408481,【国家补贴至高省500元】vivo S30 Pro mini多彩小直屏长续航学生大内存新品AI手机官方旗舰店官网正品,¥2699.1,,vivo手机官方旗舰店,回头客1万,,广西 南宁,https://detail.tmall.com/item.htm?id=917078408481&ns=1&abbucket=9&xxc=taobaoSearch&fpChannel=101&fpChannelSig=e539baaae32a29619145af6c272446bb65984858&mi_id=0000mlfguN-iI3MkpNGcPK3TIDkyTIephGTkQgKcvR7zs_k&skuId=6048890025426,https://g-search3.alicdn.com/img/bao/uploaded/i4/i3/2207440821122/O1CN01FCkKKi1K9vWOwoooN_!!4611686018427386754-2-item_pic.png_60x60.jpg,vivo,,6.31英寸,120Hz,6500mAh,,16GB+512GB,,政府补贴10%; 超级爆款;  6期; 退货宝
973275160413,【国家补贴至高立省500元】vivo X300新品蔡司2亿超级主摄天玑9500拍照学生智能手机官方旗舰店官网,¥3959.1,,vivo手机官方旗舰店,回头客1万,,广西 南宁,https://detail.tmall.com/item.htm?id=973275160413&ns=1&abbucket=9&xxc=taobaoSearch&fpChannel=101&fpChannelSig=3723dbe5b2d37c98fc561c3214d5224578536e8e&mi_id=0000ZMcyWpCVfhpj4RfJ-YG_7Let5lkOV4ycwJQuxtDkTps&skuId=6071012885708,https://g-search2.alicdn.com/img/bao/uploaded/i4/i1/2207440821122/O1CN01lhEXDR1K9vWP8qUfo_!!4611686018427386754-2-item_pic.png_60x60.jpg,vivo,,6.31英寸,120Hz,6040mAh,,16GB+1TB,,政府补贴10%; 超级爆款;  12期; 退货宝
1016083425484,【国补至高15%|新品上市】OPPO真我Neo8第五代骁龙8长续航大电池新款学生智能AI游戏手机Realme/真我Neo8,¥2209.15,国补后,天猫优品官方旗舰店,回头客40万,1000+人付款,广东 东莞,https://detail.tmall.com/item.htm?id=1016083425484&ns=1&abbucket=9&xxc=taobaoSearch&fpChannel=101&fpChannelSig=6fe13fa645a9f99e380b5e4a0c7f6417c0bca193&mi_id=0000pvqIr3-cOQ9aq4gEmc-75nMNg7f4hLQ1CmouAjiku2M&skuId=6187209490685,https://g-search2.alicdn.com/img/bao/uploaded/i4/i3/2218536532979/O1CN01oyCX0o1XsR0vw0tkW_!!4611686018427386867-0-item_pic.jpg_60x60.jpg,Realme/真我,,6.78英寸,165Hz,8000mAh,5000万,16GB+1TB,80W,国家补贴15%; 超级爆款; 退货宝; 对公支付
970880361691,小米17手机新品新款上市小米徕卡联合研发小米官方旗舰店官网小米澎湃OS,¥4074.55,券后价,小米官方旗舰店,回头客20万,2万+人付款,北京,https://detail.tmall.com/item.htm?id=970880361691&ns=1&abbucket=9&xxc=taobaoSearch&mi_id=00001SChEX2jGBGgeJNlkq--53xsqB3ZncMtBbLLqghl-g8&skuId=5938465309806,https://g-search3.alicdn.com/img/bao/uploaded/i4/i1/1714128138/O1CN01PSgU7C29zGJgYBOGG_!!4611686018427381002-2-item_pic.png_60x60.jpg,MIUI/小米,,6.3英寸,120Hz,7000mAh,5000万,16GB+512GB,100w,政府补贴5%;  12期; 退货宝
,,¥,,,,,,,,,,,,,,,,
,,¥,,,,,,,,,,,,,,,,
988710593662,【政府补贴15%】REDMI K90红米k90手机官方旗舰店游戏拍照学生旗舰智能小米手机红米手机redmik90,¥2466.28,,天猫优品官方旗舰店,回头客40万,500+人付款,广东 深圳,https://detail.tmall.com/item.htm?id=988710593662&ns=1&abbucket=9&xxc=taobaoSearch&fpChannel=101&fpChannelSig=296cb8d75ae1626e3f98497eb55f4559ccddd6e9&mi_id=0000Ibzt5yNSz7dXSgXtCJF4S8qZ5_XXj9RVr06RKX2qNqM&skuId=5953330548414,https://g-search3.alicdn.com/img/bao/uploaded/i4/i1/2218536532979/O1CN01DDmUsW1XsR0vAPI0J_!!4611686018427386867-0-item_pic.jpg_60x60.jpg,MIUI/小米,,6.59英寸,120Hz,7100mAh,5000万,12GB+256GB,100w,政府补贴5%; 退货宝; 对公支付
975622742895,OPPO Find X9旗舰正品新款手机4K超清实况照片oppo手机官方旗舰店oppo find x9,¥4139.1,,OPPO官方旗舰店,回头客2万,2万+人付款,广西 南宁,https://detail.tmall.com/item.htm?id=975622742895&ns=1&abbucket=9&xxc=taobaoSearch&fpChannel=101&fpChannelSig=1a7e1e65087416ffd115a8f89f632444aaa891a7&mi_id=0000_Lqg0eK-OjgMfLZpGpfO5z9Z0FzCNFyc-X1UnouaEUg&skuId=6230355118119,https://g-search3.alicdn.com/img/bao/uploaded/i4/i3/901409638/O1CN01GfMK132L4GPydGCWs-901409638.jpg_60x60.jpg,OPPO,,6.59英寸,120Hz,7025mAh,,16GB+1TB,,政府补贴10%; 超级爆款;  12期; 退货宝
978479356907,【政府补贴15%】华为nova 14 Ultra 双卫星通信+潜望长焦+IP69防水 鸿蒙昆仑玻璃 14系列高端机,¥2454.8,券后价,喵速达电器官方旗舰店,回头客60万,700+人付款,浙江 金华,https://detail.tmall.com/item.htm?id=978479356907&ns=1&abbucket=9&xxc=taobaoSearch&mi_id=0000h_As5Yf10tKvjqiOafnqpBRYjc5s97y_CMzfOYYgh_g&skuId=5932993473536,https://g-search1.alicdn.com/img/bao/uploaded/i4/i4/2213856588863/O1CN01YR16672FLJSnrQk8m_!!4611686018427384895-0-item_pic.jpg_60x60.jpg,Huawei/华为,,6.81英寸,120Hz,5500mAh,5000万,12GB+256GB,100w,满150减15; 政府补贴5%; 超级爆款; 退货宝
992478123909,【官网正品 全国联保】 honor/荣耀 500 手机新品手机2亿人像实况8000mAh青海湖大电池,¥2699,,中国电信手机官方旗舰店,14年老店,1人付款,江苏 南京,https://detail.tmall.com/item.htm?id=992478123909&ns=1&abbucket=9&xxc=taobaoSearch&mi_id=0000TTXAwFYbtQLpcKD0Ua1ighCAjqNWRC_ocnrfnI9dkeY&skuId=6134195738072,https://g-search3.alicdn.com/img/bao/uploaded/i4/i3/751075004/O1CN01DRCu1C1mpt2cdCMIj_!!4611686018427387580-2-item_pic.png_60x60.jpg,honor/荣耀,,6.55英寸,120Hz,8000mAh,,16GB+512GB,80W, 6期
1019675336976,【政府补贴至高15%】全新 honor/荣耀 荣耀500 5G智能手机 2亿人像8000mAh 骁龙8至尊旗舰芯  400升级款,¥2849.05,券后价,天猫优品官方旗舰店,回头客40万,35人付款,广东 深圳,https://detail.tmall.com/item.htm?id=1019675336976&ns=1&abbucket=9&xxc=taobaoSearch&mi_id=0000lwtfJPXlWwFlp-LTslEf50LrOqvLj231K_kbyDrIang&skuId=6046752636872,https://g-search1.alicdn.com/img/bao/uploaded/i4/i3/2218536532979/O1CN01W5V1ny1XsR0hGUNXv_!!4611686018427386867-2-item_pic.png_60x60.jpg,honor/荣耀,,6.55英寸,120Hz,8000mAh,,12GB+256GB,80W,政府补贴5%; 热销爆款; 退货宝; 对公支付
993712313989,【政府补贴至高15%】vivo Y500 Pro 新品手机旗舰店官方正品2亿像素超清主摄大电池耐用防水,¥1784.15,国补后,天猫优品官方旗舰店,回头客40万,300+人付款,广东 东莞,https://detail.tmall.com/item.htm?id=993712313989&ns=1&abbucket=9&xxc=taobaoSearch&fpChannel=101&fpChannelSig=ef304204d72d41c5c030e27c42546c0b92883df7&mi_id=0000ATuP2d2suddxE-m7NaAE9rky4HtA4oTL2sQR-8RpvgY&skuId=6133854934553,https://g-search2.alicdn.com/img/bao/uploaded/i4/i3/2218536532979/O1CN0153wiM41XsR0m572Nc_!!4611686018427386867-2-item_pic.png_60x60.jpg,vivo,,6.67英寸,120Hz,7000mAh,,8GB+256GB,,国家补贴15%; 退货宝; 对公支付
898930752582,OPPO Find X8s+ 旗舰手机极窄四等边天玑9400+ 哈苏人像 ColorOS 15智能拍照手机oppo官方旗舰店国家补贴,¥4319.04,,OPPO官方旗舰店,回头客2万,4000+人付款,广东 东莞,https://detail.tmall.com/item.htm?id=898930752582&ns=1&abbucket=9&xxc=taobaoSearch&fpChannel=101&fpChannelSig=d6f02f1f45004c4fb0da8ce1572aab7e3e026fb1&mi_id=0000mVIwJi0EmxO0rPiKOUCeIzlIJMnVteVL69bjOPQsRnU&skuId=6236254195167,https://g-search3.alicdn.com/img/bao/uploaded/i4/i4/901409638/O1CN01iwJV9i2L4GPys3hrb_!!4611686018427382630-0-item_pic.jpg_60x60.jpg,OPPO,,6.59英寸,120Hz,6000mAh,,12GB+256GB,80W,政府补贴4%;  6期; 退货宝
990861278464,【现货立发/质保 1 年】Apple/苹果17 256gb标准系列新机智能手机iPhone17官方正品新品标配新款全网通,¥4878,券后价,拓贝数码海外专营店,,100+人付款,香港 香港岛,https://detail.tmall.com/item.htm?id=990861278464&ns=1&abbucket=9&xxc=taobaoSearch&mi_id=0000U84pVSK0G9q3h7s0WjRtfunptGJQslThoZLv28k2-a0&skuId=6127264338039,https://g-search3.alicdn.com/img/bao/uploaded/i4/i2/2220676621843/O1CN01KJboeI1PU93DR8LOE_!!4611686018427381267-0-item_pic.jpg_60x60.jpg,Apple/苹果,,6.3英寸,120Hz,,4800万,512GB,40W,官方立减60元; 退货宝
1003961525741,【享15%国补】vivo iQOO Z11 Turbo新品上市第五代骁龙8国家补贴大电池手机iQOO官方旗舰店官网大内存,¥2687.04,,iQOO手机官方旗舰店,回头客30万,,广西 南宁,https://detail.tmall.com/item.htm?id=1003961525741&ns=1&abbucket=9&xxc=taobaoSearch&fpChannel=101&fpChannelSig=d27a1dc5523a897be2a7eec3c4ca1bcc216643cd&mi_id=0000SKriAHrROx6yWEGFWPdKowZdUTwVan9w87m-otHHCQM&skuId=6235724331898,https://g-search3.alicdn.com/img/bao/uploaded/i4/i1/883737303/O1CN01ozQN9H23opbWbSM6a_!!4611686018427380439-0-item_pic.jpg_60x60.jpg,vivo,,6.59英寸,144Hz,7600mAh,,16GB+1TB,,政府补贴4%; 超级爆款;  3期; 退货宝
1005027237763,OPPO 一加 Turbo 6V 9000mAh 冰川电池满级防水学生电竞AI游戏手机OPPO官方旗舰店官网正品,¥2015.04,券后价,OPPO官方旗舰店,回头客2万,1000+人付款,广东 东莞,https://detail.tmall.com/item.htm?id=1005027237763&ns=1&abbucket=9&xxc=taobaoSearch&mi_id=0000Ll6YRsnK0VC2WX4KbMESgvCrIaxK3FxSQRslhqc1CP0&skuId=6169977910934,https://g-search3.alicdn.com/img/bao/uploaded/i4/i3/901409638/O1CN01B02PdA2L4GPyr35pq_!!4611686018427382630-2-item_pic.png_60x60.jpg,OPPO,,6.78英寸,144Hz,9000mAh,,12GB+256GB,80W,政府补贴4%; 超级爆款; 热销爆款;  3期; 退货宝
981158216574,【支持政府补贴】REDMI K90 Pro Max红米手机官方旗舰店游戏拍照学生小米手机红米手机手机redmik90promax,¥3989.05,券后价,小米官方旗舰店,回头客20万,1万+人付款,北京,https://detail.tmall.com/item.htm?id=981158216574&ns=1&abbucket=9&xxc=taobaoSearch&mi_id=0000boVvDKcktNObsPMBGvKxwDE-A9v_cjiDLkLpto4Geok&skuId=6063297509596,https://g-search1.alicdn.com/img/bao/uploaded/i4/i3/1714128138/O1CN01o1JAOu29zGJhPPlK7_!!4611686018427381002-2-item_pic.png_60x60.jpg,MIUI/小米,,6.9英寸,120Hz,7560mAh,5000万,16GB+512GB,,政府补贴5%;  6期; 退货宝
1045817417280,【下单享优先发】REDMI K90 Max性能魔王红米手机小米手机小米官方旗舰店新品学生游戏性能旗舰电竞手机,¥2549.15,国补后,机御旗舰店,12年老店,25人付款,广东 深圳,https://detail.tmall.com/item.htm?id=1045817417280&ns=1&abbucket=9&xxc=taobaoSearch&mi_id=00006WOPPTab2pvtBF53oz-eoHhRphQIHbMjhi-lzd3KiSA&skuId=6068823068595,https://g-search3.alicdn.com/img/bao/uploaded/i4/i4/2024314280/O1CN01WZ8KmE1hUIIWyAD4X_!!4611686018427385256-0-item_pic.jpg_60x60.jpg,MIUI/小米,,6.83英寸,165Hz,8550mAh,5000万,12GB+256GB,100w,国家补贴15%;  6期; 退货宝
1043784282631,1024G大内存全网通5G百元手机6.8英寸屏智能安卓游戏学生备用手机,¥98,券后价,玲子5G数码,,24人付款,广东 深圳,https://item.taobao.com/item.htm?id=1043784282631&ns=1&abbucket=9&xxc=taobaoSearch&mi_id=0000Zx2KO-6QM3lKMOBsxHfd4KT8RAPm100I_APKFEVSIWM&skuId=6232259943468,https://g-search2.alicdn.com/img/bao/uploaded/i4/i4/2215245951039/O1CN01iWNaoP1JXueFlKvLZ_!!2215245951039.jpg_60x60.jpg,STWY,,6.8英寸,90Hz,7800mAh,,12GB+512GB,18W,超级立减1%;  3期; 退货宝; 48小时内发
1007247623282,【政府补贴至高15%】华为 nova 15 麒麟8020芯片 北斗卫星消息 华为直面屏鸿蒙手机华为官方旗舰店,¥2488.05,券后价,天猫优品官方旗舰店,回头客40万,59人付款,浙江 杭州,https://detail.tmall.com/item.htm?id=1007247623282&ns=1&abbucket=9&xxc=taobaoSearch&mi_id=0000x38NdqdzJ_CYc3B2I6_hj0bJ1hObsTAvoSY0_YnnXmg&skuId=6007009905324,https://g-search3.alicdn.com/img/bao/uploaded/i4/i3/2218536532979/O1CN01GlbUt61XsR0WfdhRu_!!4611686018427386867-0-item_pic.jpg_60x60.jpg,Huawei/华为,,6.7英寸,120Hz,6000mAh,5000万,12GB+512GB,100w,政府补贴5%; 退货宝; 对公支付
,,¥,,,,,,,,,,,,,,,,
1027760304544,Apple/苹果 iPhone 17e,¥4499,,Apple Store 官方旗舰店,回头客200万,,上海,https://detail.tmall.com/item.htm?id=1027760304544&ns=1&abbucket=9&xxc=taobaoSearch&mi_id=0000cQfcjeWcFKTmLsTbllvidJtX2Gas4wbzM-r0ukarbMs&skuId=6202323970879,https://g-search1.alicdn.com/img/bao/uploaded/i4/i1/1917047079/O1CN01zIVbKq22AEsKSnyYq_!!4611686018427384103-0-item_pic.jpg_60x60.jpg,Apple/苹果,,6.1英寸,,,4800万,256GB,, 12期; 48小时内发
976980872336,OPPO Find X9 Pro正品新款手机哈苏2亿超清长焦镜头oppo手机官方旗舰店oppofindx9pro手机,¥5099,券后价,OPPO官方旗舰店,回头客2万,,广西 南宁,https://detail.tmall.com/item.htm?id=976980872336&ns=1&abbucket=9&xxc=taobaoSearch&mi_id=0000mC_wZFKMeKQC8NDn89zzcr96r3ghhLgb4OngPkePtgc&skuId=5944196292282,https://g-search1.alicdn.com/img/bao/uploaded/i4/i1/901409638/O1CN01CQMDC92L4GQ0A5CAH-901409638.jpg_60x60.jpg,OPPO,,6.78英寸,120Hz,7500mAh,,16GB+512GB,,政府补贴10%;  12期; 退货宝
974850242549,【享15%国补】vivo iQOO 15第五代骁龙8至尊版2K三星屏长续航游戏国补手机vivo官方旗舰店官网正品vivoiqoo15,¥4415.04,补贴价,百亿补贴品牌优选,回头客1万,3000+人付款,广东 东莞,https://detail.tmall.com/item.htm?id=974850242549&ns=1&abbucket=9&xxc=taobaoSearch&umpChannel=bybtqdyh&u_channel=bybtqdyh&fpChannel=101&fpChannelSig=0a39722e5c990e45ed567df808363ce1b8a3cd3d&mi_id=0000cR0qYDbw71Nak-TCA_7KK59nm1Yiih9alXyf0ulOvxc&skuId=6211967410925&maskChannel=bybtrs,https://g-search1.alicdn.com/img/bao/uploaded/i4/i2/2207440821122/O1CN018uh8Fo1K9vWPeHoyI_!!4611686018427386754-0-item_pic.jpg_60x60.jpg,vivo,,6.85英寸,144Hz,7000mAh,5000万,12GB+256GB,100w,政府补贴4%; 超级爆款; 退货宝
979765442213,【至高享3期免息】REDMI K90红米k90手机官方旗舰店游戏拍照学生旗舰智能小米手机红米手机redmik90,¥2495.04,券后价,小米官方旗舰店,回头客20万,5万+人付款,北京,https://detail.tmall.com/item.htm?id=979765442213&ns=1&abbucket=9&xxc=taobaoSearch&mi_id=0000m8Gna3xtomDbdFPj4QhfrgDfPfyp6pGXSMRhyv3TmQY&skuId=6120058771482,https://g-search3.alicdn.com/img/bao/uploaded/i4/i2/1714128138/O1CN0136APRg29zGJZF4wKi-1714128138.png_60x60.jpg,MIUI/小米,,6.59英寸,120Hz,7100mAh,5000万,16GB+512GB,100w,政府补贴4%;  3期; 退货宝
902905447279,【手机政府补贴】OPPO 一加 13T 游戏性能手机骁龙 8 至尊版一加官方旗舰店官网正品AI智能5g国补手机,¥2687.04,,一加官方旗舰店,回头客10万,3万+人付款,广东 东莞,https://detail.tmall.com/item.htm?id=902905447279&ns=1&abbucket=9&xxc=taobaoSearch&fpChannel=101&fpChannelSig=0cde8aecc52c2ea4e218c9d26a5c0e6d97f86ce9&mi_id=0000FaInQ4v3MYYDQxSRcs9_mXaysLqOb9EH41YG6GYz7ek&skuId=5946528058016,https://g-search2.alicdn.com/img/bao/uploaded/i4/i4/2256022143/O1CN01xzieam1RhXuBVru0M_!!2256022143.png_60x60.jpg,OnePlus/一加,,6.32英寸,120Hz,6260mAh,,16GB+512GB,80W,政府补贴4%; 已补300元; 超级爆款; 退货宝
1009029042779,iQOO 15第五代骁龙8至尊版2K三星珠峰屏自研芯片Q3游戏5G手机vivo,¥3458,,品盛数码通讯,,70人付款,广东 潮州,https://item.taobao.com/item.htm?id=1009029042779&ns=1&abbucket=9&xxc=taobaoSearch&mi_id=0000uNpnUlTbZ6pKykGWO9HtzdB22rfZxULZFKKHx6OsFGA&skuId=6174826342459,"https://g-search1.alicdn.com/img/bao/uploaded/i4/i2/2162192073/O1CN01rRWKDz1RBU9zaceG6~crop,37,0,1180,1180~_!!2162192073.jpg_60x60.jpg",iQOO,,6.85英寸,144Hz,7000mAh,5000万,12GB+256GB,100w,退货宝
914128350412,【官方正品】vivo X200s新品蔡司天玑9400+旗舰芯拍照学生智能手机vivo官方正品,¥4199,补贴价,百亿补贴品牌优选,回头客1万,1万+人付款,广西 南宁,https://detail.tmall.com/item.htm?id=914128350412&ns=1&abbucket=9&xxc=taobaoSearch&umpChannel=bybtqdyh&u_channel=bybtqdyh&fpChannel=101&fpChannelSig=4c3f78c4646ebd79a4794cd8deb3a3a0b640b612&mi_id=0000XeedaiGKZxYPJuXDuTveua-uOAdW4k6UueccuNcQMh4&skuId=6225178390548&maskChannel=bybtrs,https://g-search3.alicdn.com/img/bao/uploaded/i4/i3/2207440821122/O1CN01Bogluk1K9vV6EiuO4_!!4611686018427386754-2-item_pic.png_60x60.jpg,vivo,,6.67英寸,120Hz,6200mAh,,16GB+512GB,,超级爆款; 退货宝
914512986884,现货速发honor/荣耀 V Purse 荣耀V超长续航折叠正品激活5G全网通,¥3233.6,券后价,华正品手机店,8年老店,25人付款,上海,https://item.taobao.com/item.htm?id=914512986884&ns=1&abbucket=9&xxc=taobaoSearch&mi_id=0000aNMWPF7ccu6y7MaJI_3uJ_a7IkiQk3FsSXky5f9EPXM&skuId=5781912473573,https://g-search2.alicdn.com/img/bao/uploaded/i4/i4/2825390755/O1CN017PVN1V1HRq4aA3AIm_!!2825390755.jpg_60x60.jpg,honor/荣耀,,7.71英寸,,4500mAh,,16GB+512GB,,官方立减33元; 退货宝
886444817061,【限时赠365天只换不修】红魔11Pro+ 第五代骁龙8至尊版 8000mAh 脉动水冷引擎电竞游戏5G手机 156,¥5999.25,券后价,喵速达电器官方旗舰店,回头客60万,2000+人付款,浙江 杭州,https://detail.tmall.com/item.htm?id=886444817061&ns=1&abbucket=9&xxc=taobaoSearch&mi_id=0000c93T-6A3B9_BNHlEy0NeP0nXlVGHrPDzqNXgMBilRmo&skuId=6031431817498,https://g-search1.alicdn.com/img/bao/uploaded/i4/i1/2213856588863/O1CN01F2AvPS2FLJT0pU7P6_!!4611686018427384895-0-item_pic.jpg_60x60.jpg,红魔（手机）,,6.85英寸,144Hz,8000mAh,5000万,16GB+512GB,80W,政府补贴5%; 超级立减284元; 退货宝
1007391192951,【新品开售】努比亚红魔11Air 骁龙8至尊版 全系透明设计 主动散热风扇 游戏肩键 电竞5G手机,¥3699,券后价,红魔数码旗舰店,,500+人付款,广东 深圳,https://detail.tmall.com/item.htm?id=1007391192951&ns=1&abbucket=9&xxc=taobaoSearch&mi_id=0000_jumLPGDR1LEWSS_FQI6P-zFnUmWLOvvuygWiHm8v9w&skuId=6185859563252,https://g-search1.alicdn.com/img/bao/uploaded/i4/i2/2216010189269/O1CN01nJdjD12ILGGUbqmbg_!!4611686018427382229-0-item_pic.jpg_60x60.jpg,红魔（手机）,,6.85英寸,144Hz,7000mAh,5000万,16GB+512GB,120W,退货宝
993016602639,【正品】手机政府补贴 OPPO 一加 Ace 6T 新品上市第五代骁龙 8 超高刷电竞屏游戏AI手机,¥2672.64,券后价,一加官方旗舰店,回头客10万,3万+人付款,广东 东莞,https://detail.tmall.com/item.htm?id=993016602639&ns=1&abbucket=9&xxc=taobaoSearch&mi_id=0000xY7zA8dHd599fRFAUA8uQg-C5SA3omjcy2ahb0Sf_PE&skuId=5980215096530,https://g-search1.alicdn.com/img/bao/uploaded/i4/i3/2256022143/O1CN01gBeU0h1RhXuBT5FS5_!!4611686018427382399-2-item_pic.png_60x60.jpg,OnePlus/一加,,6.83英寸,165Hz,8300mAh,5000万,16GB+512GB,,满150减15; 政府补贴4%;  3期; 退货宝
1000139831534,HUAWEI Mate 80 麒麟9020芯片 第二代红枫影像 鸿蒙AI 华为手机直屏鸿蒙智能华为官方旗舰店,¥4699,,华为官方旗舰店,回头客4万,,广东 东莞,https://detail.tmall.com/item.htm?id=1000139831534&ns=1&abbucket=9&xxc=taobaoSearch&mi_id=0000aoYHguOC_C8T5ovHw3Zs9HpdaPpnxcbM4VWGJgrFX50&skuId=5988194652866,https://g-search2.alicdn.com/img/bao/uploaded/i4/i2/2838892713/O1CN01X4S1ES1VubeQvYE44_!!4611686018427383977-0-item_pic.jpg_60x60.jpg,Huawei/华为,,6.75英寸,120Hz,5750mAh,5000万,12GB+512GB,66W,退货宝
943230728846,HONOR/荣耀GT 5G智能手机幻影引擎第三代骁龙8旗舰芯片NFC游戏学生拍照手机,¥1497,补贴价,百亿补贴官方精选,回头客100万,3万+人付款,浙江 杭州,https://detail.tmall.com/item.htm?id=943230728846&ns=1&abbucket=9&xxc=taobaoSearch&umpChannel=bybtqdyh&u_channel=bybtqdyh&fpChannel=101&fpChannelSig=f9542a32e160ab359a71a8fbd76c12da1eeb1484&mi_id=0000r0f0jYJ0LuvDuNmVjyUodoaAu3hHVQqIM0QnztIvJFo&skuId=6008488578285,https://g-search3.alicdn.com/img/bao/uploaded/i4/i4/2217587502021/O1CN016ZfoQS1QnfVzr5nfL_!!4611686018427382725-2-item_pic.png_60x60.jpg,honor/荣耀,,6.7英寸,120Hz,5300mAh,,,100w,已补402元
1007449557823,【下单送小米Air4SE蓝牙耳机+晒图返50米红包】MIUI/小米 Xiaomi 17 Pro 新品上市小米徕卡联合研发,¥4499,国补后,天猫优品官方旗舰店,回头客40万,19人付款,浙江 金华,https://detail.tmall.com/item.htm?id=1007449557823&ns=1&abbucket=9&xxc=taobaoSearch&fpChannel=101&fpChannelSig=45c8d82a12c0fdc3ff6eceb2df02a7cb1ecdc959&mi_id=0000022TluxiPvEaeXPmjFiM20ivLthOJEWKrB85W20flJE&skuId=6003960869407,https://g-search3.alicdn.com/img/bao/uploaded/i4/i2/2218536532979/O1CN01QLyDnm1XsQznknFiQ_!!4611686018427386867-2-item_pic.png_60x60.jpg,MIUI/小米,,6.3英寸,120Hz,6300mAh,5000万,12GB+512GB,,国家补贴15%; 退货宝; 对公支付
1019482680131,Apple/苹果【17pm】iPhone 17 Pro Max全网通17pm 5G手机2025新款,¥6178,,佛匠数码,,100+人付款,广东 深圳,https://item.taobao.com/item.htm?id=1019482680131&ns=1&abbucket=9&xxc=taobaoSearch&mi_id=0000_rXMBK_4M6XuHouXbr1tsZC6fpvFwhj0cc7Zl-kKXvE&skuId=6192394571000,https://g-search3.alicdn.com/img/bao/uploaded/i4/i3/2214417978081/O1CN0119qZmG29Z9jEfHPtO_!!2214417978081.jpg_60x60.jpg,Apple/苹果,,6.9英寸,120Hz,4823mAh,4800万,512GB,40W,退货宝
1032851445292,【手机政府补贴】OPPO K15 Pro 天玑8500SUPER oppo官方旗舰店oppok15pro正品新款5G大电池智能学生游戏手机,¥2879.04,,OPPO官方旗舰店,回头客2万,,广东 东莞,https://detail.tmall.com/item.htm?id=1032851445292&ns=1&abbucket=9&xxc=taobaoSearch&fpChannel=101&fpChannelSig=dedb1d20a3ef843378bd949c2f40b19f43c2a857&mi_id=0000rssAJErcfijluf4ID_VQyy8CXZT3fChgtBmhAHKxQiY&skuId=6231487355168,https://g-search3.alicdn.com/img/bao/uploaded/i4/i3/901409638/O1CN016QRb7R2L4GPnK0dkG_!!4611686018427382630-0-item_pic.jpg_60x60.jpg,OPPO,,6.59英寸,144Hz,7500mAh,,12GB+256GB,,政府补贴4%; 退货宝
979527997230,【手机政府补贴】OPPO一加 15 第五代骁龙8至尊版性能旗舰新品游戏手机OPPO官方旗舰店官网正品新款AI手机,¥4319.04,,OPPO官方旗舰店,回头客2万,4000+人付款,广东 东莞,https://detail.tmall.com/item.htm?id=979527997230&ns=1&abbucket=9&xxc=taobaoSearch&fpChannel=101&fpChannelSig=b8d3361c87fbc1fcc29ecad405a0749c48ff27b6&mi_id=0000iONkfOPBAZMCTMpwFFqDSnD36CFiCJN95xcdiGoSBbc&skuId=6046441481810,https://g-search3.alicdn.com/img/bao/uploaded/i4/i1/901409638/O1CN01aLGSXG2L4GPygSZ58_!!4611686018427382630-2-item_pic.png_60x60.jpg,OPPO,,6.78英寸,165Hz,7300mAh,,12GB+256GB,,政府补贴4%; 热销爆款;  6期; 退货宝
992549342133,【官网】HONOR/荣耀500 焕新版 智能手机 2亿人像全能实况 8000mAh青海湖电池 第四代骁龙8s 正品 官方旗舰店,¥2984,券后价,荣耀官方旗舰店,回头客40万,3万+人付款,广东 东莞,https://detail.tmall.com/item.htm?id=992549342133&ns=1&abbucket=9&xxc=taobaoSearch&mi_id=0000Mnhbe5qmeauf9TYBqobevw4vrYYtHx1EhrtNzh80B_4&skuId=6210812582116,https://g-search2.alicdn.com/img/bao/uploaded/i4/i1/1114511827/O1CN01Z0q0Jh1PMokRLSjMy_!!4611686018427386323-0-item_pic.jpg_60x60.jpg,honor/荣耀,,6.55英寸,120Hz,8000mAh,,16GB+512GB,80W,满150减15;  3期; 次日达; 退货宝
975400857143,【国家补贴+加补券300元】Apple/苹果 iPhone 17 手机官方旗舰店官网正品全新2025年新款5G全网通手机,¥5696.28,券后价,中国移动天猫手机官方旗舰店,14年老店,4000+人付款,广东 广州,https://detail.tmall.com/item.htm?id=975400857143&ns=1&abbucket=9&xxc=taobaoSearch&mi_id=0000SeHdcLlWp3BBDQeX6ypWtMXpPMDxmdT2OeJEu-OR0zA&skuId=5927572156122,https://g-search3.alicdn.com/img/bao/uploaded/i4/i3/713805254/O1CN01iV2TWK1ogO47mmTvU_!!4611686018427383238-0-item_pic.jpg_60x60.jpg,Apple/苹果,,6.3英寸,120Hz,,4800万,512GB,,政府补贴5%; 超级爆款; 淘金币已抵2.92元; 退货宝
926931495453,vivo iQOO Z10 Turbo正品新款大电池大内存国家补贴学生智能手机,¥1831.68,补贴价,百亿补贴品牌优选,回头客30万,3万+人付款,广西 南宁,https://detail.tmall.com/item.htm?id=926931495453&ns=1&abbucket=9&xxc=taobaoSearch&umpChannel=bybtqdyh&u_channel=bybtqdyh&fpChannel=101&fpChannelSig=f6e208cfd33c2dc8e7056ce0bd3aadbd4208446c&mi_id=0000vToTTazTI-tUASZchpTq2TBqERwj4aQKCrEMmOz5UMM&skuId=6071039537660&maskChannel=bybtrs,https://g-search3.alicdn.com/img/bao/uploaded/i4/i2/883737303/O1CN011vdvvM23opaDiyfm1_!!4611686018427380439-0-item_pic.jpg_60x60.jpg,vivo,,6.78英寸,144Hz,7620mAh,5000万,16GB+256GB,,政府补贴4%; 已补150元; 超级爆款; 退货宝
1039835471965,【6%】MIUI/小米 REDMI K80 至尊版红米手机小米手机小米官方旗舰店新品红米k80至尊版学生游戏电竞旗舰手机,¥2250.55,券后价,天猫优品官方旗舰店,回头客40万,1人付款,安徽 合肥,https://detail.tmall.com/item.htm?id=1039835471965&ns=1&abbucket=9&xxc=taobaoSearch&mi_id=0000v9wb6fBknHKyXSGPYN64Yt3dkfXTpmbByivZCXLCCh8&skuId=6225999554061,https://g-search1.alicdn.com/img/bao/uploaded/i4/i1/2219157610336/O1CN01tIvMcz1ELwD7tEy4e_!!4611686018427387744-0-item_pic.jpg_60x60.jpg,MIUI/小米,,6.83英寸,144Hz,7410mAh,5000万,12GB+256GB,,政府补贴5%; 退货宝; 对公支付
1018487315643,新款Apple/苹果 iPhone 16 Pro国行正品全网通5G手机苹果16ProMax,¥4218,,品盛数码通讯,,53人付款,广东 潮州,https://item.taobao.com/item.htm?id=1018487315643&ns=1&abbucket=9&xxc=taobaoSearch&mi_id=0000nEGIqlsiw0KO9-wo9qxP4VTBcLEgK-2bWD6RcKA08Mk&skuId=6226460847273,"https://g-search3.alicdn.com/img/bao/uploaded/i4/i1/2162192073/O1CN010b0CR91RBUAHJfO7B~crop,26,0,1411,1411~_!!2162192073.jpg_60x60.jpg",Apple/苹果,,6.3英寸,120Hz,3582mAh,,256GB,20W,退货宝
1011904010389,【新品上市】OPPO Reno15正品新款学生精致小直屏2亿像素超清影像百亿补贴,¥2199,补贴价,百亿补贴官方精选,回头客100万,1万+人付款,浙江 杭州,https://detail.tmall.com/item.htm?id=1011904010389&ns=1&abbucket=9&xxc=taobaoSearch&umpChannel=bybtqdyh&u_channel=bybtqdyh&fpChannel=101&fpChannelSig=f388efe7fdb89cfaa1a21afaf80520bc344fe44e&mi_id=0000JPtQUlgsn_FSmLU7kv94SzzlWC4iuSbZwZJY5oZSq9Y&skuId=6180334171121,https://g-search2.alicdn.com/img/bao/uploaded/i4/i1/2217587502021/O1CN01yiAZxW1QnfZAvppFr_!!4611686018427382725-2-item_pic.png_60x60.jpg,OPPO,,6.32英寸,120Hz,6200mAh,,,,已补841元
1043082559358,Apple/苹果 iPhone SE 苹果iPhone5s学生备用机拍照上网迷你复古,¥80,券后价,一璐优选数码,,13人付款,湖南 郴州,https://item.taobao.com/item.htm?id=1043082559358&ns=1&abbucket=9&xxc=taobaoSearch&mi_id=0000-2zgRJ_izVsGS5vHdjM78vliS7W03cF2nH6sbqLlwc0&skuId=6066764980621,https://g-search1.alicdn.com/img/bao/uploaded/i4/i4/3855908274/O1CN014uQFYA2AzYBVH01Fh_!!3855908274.jpg_60x60.jpg,Apple/苹果,,4英寸,60Hz,1642mAh,1200万,16GB,10W,48小时内发
1002869110709,Huawei/华为 Pura 70 Pro超高速风驰闪拍超聚光北斗卫星原装正品,¥2488.66,券后价,YY数码高性价比,,13人付款,湖北 黄石,https://item.taobao.com/item.htm?id=1002869110709&ns=1&abbucket=9&xxc=taobaoSearch&mi_id=00001uksfeUwvfvr28-KgEip6y5x9veNplk6OZG2653SVOg&skuId=5994827529503,"https://g-search1.alicdn.com/img/bao/uploaded/i4/i2/2211904286960/O1CN01s09v8l21HjjH9ksNf~crop,14,14,774,774~_!!2211904286960.jpg_60x60.jpg",Huawei/华为,,6.8英寸,120Hz,5050mAh,,12GB+512GB,,退货宝
939346804003,【2025新品】OPPO Reno14 高清长焦人像实况照片女生直屏学生游戏6000mAh电池AI智能reno14护眼oppo百亿补贴,¥1869,补贴价,百亿补贴官方精选,回头客100万,3万+人付款,浙江 杭州,https://detail.tmall.com/item.htm?id=939346804003&ns=1&abbucket=9&xxc=taobaoSearch&umpChannel=bybtqdyh&u_channel=bybtqdyh&fpChannel=101&fpChannelSig=30e27012b192323c0bbf1b2df0c13ec2c712e2c5&mi_id=000044eF20yqBcUd-On3hXpaADBYBOHV6Qr0l_eKIIYZWa4&skuId=5832694376495,https://g-search3.alicdn.com/img/bao/uploaded/i4/i1/2217587502021/O1CN01fTbzg81QnfWBD6bzs_!!4611686018427382725-2-item_pic.png_60x60.jpg,OPPO,,6.59英寸,120Hz,6000mAh,,,80W,已补950元
896609590174,全新原封 小米红米14R MIUI/小米 Redmi 14r骁龙大电池5G双卡手机,¥596.08,券后价,武汉光大通讯,19年老店,200+人付款,湖北 武汉,https://item.taobao.com/item.htm?id=896609590174&ns=1&abbucket=9&xxc=taobaoSearch&mi_id=0000oC9-fYOjmAbZjFjWDXmHGGDpo-PhgYjvHWTCfyW2UhM&skuId=5916003298660,https://g-search3.alicdn.com/img/bao/uploaded/i4/i3/15574073/O1CN01HnlW191fxUDJ8t7rL_!!15574073.png_60x60.jpg,redmi,,6.88英寸,120Hz,5160mAh,1300万像素,4GB+128GB,18W,淘金币已抵2.92元; 新品; 退货宝; 48小时内发
1043745946924,MIUI/小米 Xiaomi 15徕卡拍照全网通5G游戏手机小米15小屏5G手机,¥2020,,兴顺数码通讯,,11人付款,广东 深圳,https://item.taobao.com/item.htm?id=1043745946924&ns=1&abbucket=9&xxc=taobaoSearch&mi_id=0000XztQjIyDfyn5bfdhtfc51U2FPilBlhXKD84ZnKa7yDU&skuId=6067436045993,https://g-search3.alicdn.com/img/bao/uploaded/i4/i2/2288956944/O1CN01DjqkTO21APNvXmdOe_!!2288956944.jpg_60x60.jpg,MIUI/小米,,6.36英寸,120Hz,5400mAh,,12GB+512GB,,退货宝
999054467023,【官网】荣耀WIN RT 新品手机 10000mAh巨无霸青海湖电池 185Hz超高刷游戏体验 官方旗舰店官网全新正品,¥3248.64,券后价,荣耀官方旗舰店,回头客40万,8000+人付款,广东 东莞,https://detail.tmall.com/item.htm?id=999054467023&ns=1&abbucket=9&xxc=taobaoSearch&mi_id=0000Wlwj930_zNbtHgfD8YaDlXntJJvWBuIzfdOWESsN6F8&skuId=6046270401742,https://g-search3.alicdn.com/img/bao/uploaded/i4/i1/1114511827/O1CN01G5W0IP1PMokQnUFyi_!!4611686018427386323-0-item_pic.jpg_60x60.jpg,honor/荣耀,,6.83英寸,185Hz,10000mAh,,16GB+512GB,,满150减15; 政府补贴4%;  3期; 次日达; 退货宝
999658842484,【官网】HONOR/荣耀WIN第五代骁龙8至尊版10000mAh青海湖电池185Hz超高刷游戏手机 官方旗舰店 正品国补,¥3999,,荣耀官方旗舰店,回头客40万,1万+人付款,广东 东莞,https://detail.tmall.com/item.htm?id=999658842484&ns=1&abbucket=9&xxc=taobaoSearch&mi_id=0000uDc7bX_yqcsuSRnahL7qCjjeuRLX6fFvR7wkee1i0AE&skuId=6160886146106,https://g-search2.alicdn.com/img/bao/uploaded/i4/i4/1114511827/O1CN01GT9VP61PMokR3bmxk_!!4611686018427386323-0-item_pic.jpg_60x60.jpg,honor/荣耀,,6.83英寸,185Hz,10000mAh,,12GB+512GB,, 6期; 次日达; 退货宝
975387933127,【中国联通自营】Apple/苹果 iPhone 17 Pro Max手机需现场激活联通官方旗舰店全新国行正品,¥9499,券后价,中国联通手机官方旗舰店,11年老店,7000+人付款,广东 东莞,https://detail.tmall.com/item.htm?id=975387933127&ns=1&abbucket=9&xxc=taobaoSearch&mi_id=0000HZa_QglUqjIFeoQFlKaxY5CrRzUJZ0lI7ZOOLjgihHE&skuId=6149425331194,https://g-search1.alicdn.com/img/bao/uploaded/i4/i4/2231547606/O1CN01LAeNvD263bbrcLgNx_!!4611686018427385558-2-item_pic.png_60x60.jpg,Apple/苹果,,6.9英寸,120Hz,4823mAh,4800万,256GB,40W,政府补贴10%; 退货宝
974154119907,【国家补贴/详情领淘金币抵扣】Apple/苹果 iPhone 17 手机官方正品旗舰店官网2025年新款5G全网通手机,¥5696.28,券后价,中国移动天猫手机官方旗舰店,14年老店,1万+人付款,广东 广州,https://detail.tmall.com/item.htm?id=974154119907&ns=1&abbucket=9&xxc=taobaoSearch&mi_id=00005tbP5vgh6lOaYE83GXdm2dfUiLqjiKX3jCPY6IOWwOA&skuId=6094511691721,https://g-search2.alicdn.com/img/bao/uploaded/i4/i1/713805254/O1CN01rKlq9e1ogO47pVwlt_!!4611686018427383238-0-item_pic.jpg_60x60.jpg,Apple/苹果,,6.3英寸,120Hz,,4800万,256GB,,政府补贴5%; 超级爆款; 热销爆款; 淘金币已抵2.92元; 退货宝
,,¥,,,,,,,,,,,,,,,,
,,¥,,,,,,,,,,,,,,,,
1037378068994,【新品】华为畅享 90 Plus 麒麟8系芯片 丝滑超好用 鸿蒙AI防诈 6620mAh巨鲸大电池 护眼手机华为官方旗舰店,¥1499,,华为官方旗舰店,回头客4万,,广东 东莞,https://detail.tmall.com/item.htm?id=1037378068994&ns=1&abbucket=9&xxc=taobaoSearch&mi_id=0000NIf3wkE_YvruufrGHMRST1Y1-og7y_yxCwMnjjRYdFY&skuId=6052945021212,https://g-search2.alicdn.com/img/bao/uploaded/i4/i2/2838892713/O1CN01k2dgnb1VubexqA4Im_!!4611686018427383977-0-item_pic.jpg_60x60.jpg,Huawei/华为,,6.67英寸,120Hz,6620mAh,5000万,128GB,,退货宝
1043161161797,【优惠100元】华为 nova 15 麒麟8020芯片 多焦段红枫影像  北斗卫星消息 华为直面屏智能手机华为官方旗舰店,¥2549,券后价,华为官方旗舰店,回头客4万,12人付款,广东 东莞,https://detail.tmall.com/item.htm?id=1043161161797&ns=1&abbucket=9&xxc=taobaoSearch&mi_id=0000wtYJbfsIpznAriz-YB-uJF26UbzlBtxF9msVoOFVQiE&skuId=6064653937492,https://g-search1.alicdn.com/img/bao/uploaded/i4/i3/2838892713/O1CN01OsnyTv1VubeXurxtH_!!4611686018427383977-0-item_pic.jpg_60x60.jpg,Huawei/华为,,6.7英寸,120Hz,6000mAh,5000万,12GB+256GB,100w, 6期; 退货宝
1005182765441,honor/荣耀 GT全网通5G手机骁龙8旗舰芯电竞游戏120Hz高刷红外NFC,¥1573,券后价,数码优选馆,,45人付款,山东 临沂,https://item.taobao.com/item.htm?id=1005182765441&ns=1&abbucket=9&xxc=taobaoSearch&mi_id=0000TexabfcsYFLGTHMNimp90YuYdhv0Cz9rMaSfF__706k&skuId=5997365244173,https://g-search2.alicdn.com/img/bao/uploaded/i4/i2/4054045643/O1CN014uSPN61rYY6xljJsv_!!4054045643.jpg_60x60.jpg,honor/荣耀,,6.7英寸,120Hz,5300mAh,,16GB+512GB,100w,官方立减17元;  3期; 退货宝; 公益宝贝
984259634105,【国家补贴至高立省500元】vivo X300新品蔡司2亿超级主摄天玑9500拍照学生智能手机官方旗舰店官网,¥4139.1,券后价,vivo手机官方旗舰店,回头客1万,1000+人付款,广西 南宁,https://detail.tmall.com/item.htm?id=984259634105&ns=1&abbucket=9&xxc=taobaoSearch&mi_id=0000jj0rWSfWnebHJ2DbtsEaA3TPkq3l85stXlrCX5dcQX8&skuId=6234057083885,https://g-search3.alicdn.com/img/bao/uploaded/i4/i3/2207440821122/O1CN01GCgjcy1K9vWOhc0Jv_!!4611686018427386754-2-item_pic.png_60x60.jpg,vivo,,6.31英寸,120Hz,6040mAh,,16GB+256GB,,政府补贴10%;  12期; 退货宝
994161520210,【国家补贴至高省500元】vivo S50 学生拍照大电池大内存手机 vivo手机官方旗舰店正品官网新款s30,¥2685.6,券后价,vivo手机官方旗舰店,回头客1万,,广西 南宁,https://detail.tmall.com/item.htm?id=994161520210&ns=1&abbucket=9&xxc=taobaoSearch&mi_id=0000d2oLGTSN-4Wlp25JDoaaDnd3Vf_NrDw-Cnw36UfcmMc&skuId=6235069658459,https://g-search2.alicdn.com/img/bao/uploaded/i4/i3/2207440821122/O1CN01x7Yz8i1K9vWOqajlk_!!4611686018427386754-2-item_pic.png_60x60.jpg,vivo,,6.59英寸,120Hz,6500mAh,,12GB+256GB,,满150减15; 政府补贴10%;  12期; 退货宝
922126623452,【新品上市】OPPO Find X8s极窄四等边小直屏冰川电池学生天玑9400+哈苏人像智能拍照手机oppo百亿补贴,¥2689,补贴价,百亿补贴官方精选,回头客100万,1万+人付款,浙江 杭州,https://detail.tmall.com/item.htm?id=922126623452&ns=1&abbucket=9&xxc=taobaoSearch&umpChannel=bybtqdyh&u_channel=bybtqdyh&fpChannel=101&fpChannelSig=2a1ed6d456110b5fa92cdb70815db09711d9a58f&mi_id=0000bgOhuiQvbl0-YVTJCDRLA3FPbC63ObEYsXjXqdyFBks&skuId=5966012710902,https://g-search1.alicdn.com/img/bao/uploaded/i4/i1/2217587502021/O1CN01OleMuQ1QnfVNHvWuj_!!4611686018427382725-2-item_pic.png_60x60.jpg,OPPO,,6.32英寸,120Hz,5700mAh,5000万,,80W,已补1300元
1005917953269,【15%国家补贴】OPPO真我Neo8第五代骁龙8长续航大电池新款学生智能AI游戏性能手机新品上市realme正品,¥2599,,realme官方旗舰店,回头客3万,,广东 东莞,https://detail.tmall.com/item.htm?id=1005917953269&ns=1&abbucket=9&xxc=taobaoSearch&mi_id=0000d2R2h3Al-m65SqqvYJD49hmUpy4MOhmS4QtIUVMvXHw&skuId=6018772148846,https://g-search2.alicdn.com/img/bao/uploaded/i4/i2/2200766936524/O1CN01TXNCio1y433eaJLrA_!!4611686018427385292-2-item_pic.png_60x60.jpg,Realme/真我,,6.78英寸,165Hz,8000mAh,5000万,16GB+512GB,80W,超级爆款;  3期; 退货宝
1035681279364,【晒单返30元红包】vivo iQOO Z11新品iqooz11手机z11系列官方正品turbo旗舰vivo专卖店学生备用游戏大电池,¥1994.05,,天猫优品官方旗舰店,回头客40万,52人付款,广东 深圳,https://detail.tmall.com/item.htm?id=1035681279364&ns=1&abbucket=9&xxc=taobaoSearch&fpChannel=101&fpChannelSig=7c75640c63761c9d5c3caf95414d7ab7460fe49d&mi_id=0000czo4-TNPPctjhgSTms6yf29Zzn1h__aajk8LsqjuLDY&skuId=6054099745806,https://g-search1.alicdn.com/img/bao/uploaded/i4/i2/2218536532979/O1CN01Nx573f1XsR0v5oQuo_!!4611686018427386867-0-item_pic.jpg_60x60.jpg,vivo,,6.83英寸,165Hz,9020mAh,5000万,12GB+512GB,,政府补贴5%; 热销爆款; 退货宝; 对公支付
1031275919826,【手机政府补贴】OPPO K15 Pro+ 天玑9500s oppo官方旗舰店oppok15pro+正品新款5G大电池智能学生游戏手机,¥3071.04,券后价,OPPO官方旗舰店,回头客2万,,广西 南宁,https://detail.tmall.com/item.htm?id=1031275919826&ns=1&abbucket=9&xxc=taobaoSearch&mi_id=0000zvqc-z08J8iBn2lEAugAkgEDA-1biwgnyM4vHAafAZA&skuId=6235153446987,https://g-search3.alicdn.com/img/bao/uploaded/i4/i2/901409638/O1CN01rghY3m2L4GPz0k1RQ_!!4611686018427382630-0-item_pic.jpg_60x60.jpg,OPPO,,6.78英寸,165Hz,8000mAh,,12GB+256GB,,政府补贴4%;  12期; 退货宝
923354953511,Apple/苹果iPhone 16 Pro Max以租代购手机租赁分期月付,¥789.08,券后价,创丽租手机租赁数码分期,14年老店,17人付款,浙江 杭州,https://item.taobao.com/item.htm?id=923354953511&ns=1&abbucket=9&xxc=taobaoSearch&mi_id=0000RwPlw55htnRKlT7MUrqljTtc1CuGXzCWyNP2tClWQbQ&skuId=6212000203382,https://g-search1.alicdn.com/img/bao/uploaded/i4/i4/139621505/O1CN01LbUzi21MzLCuAUaXr_!!139621505.jpg_60x60.jpg,Apple/苹果,,6.9英寸,120Hz,4685mAh,,512GB,20W,官方立减8元; 淘金币已抵2.92元
1019783047066,【政府补贴15%】MIUI/小米 REDMI K90 官方旗舰店游戏拍照学生旗舰智能小米手机,¥2466.28,,天猫优品官方旗舰店,回头客40万,21人付款,浙江 杭州,https://detail.tmall.com/item.htm?id=1019783047066&ns=1&abbucket=9&xxc=taobaoSearch&fpChannel=101&fpChannelSig=0c5f7c6f9352cbb583f1fdf94a2c33d0601b4975&mi_id=0000rndN2Ay8WZDJRC86mxMJYQZtxDSVFoED6Voh5I8vJHk&skuId=6196897826747,https://g-search3.alicdn.com/img/bao/uploaded/i4/i2/2218536532979/O1CN01CO7SkR1XsR10O1t6n_!!4611686018427386867-0-item_pic.jpg_60x60.jpg,MIUI/小米,,6.59英寸,120Hz,7100mAh,5000万,12GB+512GB,100w,政府补贴5%; 退货宝; 对公支付
1005031213545,【OnePlus】OPPO 一加 Turbo 6V 9000mAh 冰川电池满级防水学生电竞AI游戏手机一加官方旗舰店官网正品,¥1823.04,,一加官方旗舰店,回头客10万,3000+人付款,广东 东莞,https://detail.tmall.com/item.htm?id=1005031213545&ns=1&abbucket=9&xxc=taobaoSearch&fpChannel=101&fpChannelSig=eb3c1361a8903f7f95d53b991d5c1c5b3c909152&mi_id=0000VFcoZ0wnJSlJ4pzbPCwya4m0pP3j5mlRufe2CRmiIz0&skuId=6005380888250,https://g-search3.alicdn.com/img/bao/uploaded/i4/i4/2256022143/O1CN01wMCoRO1RhXuB5J1lo_!!4611686018427382399-2-item_pic.png_60x60.jpg,OnePlus/一加,,6.78英寸,144Hz,9000mAh,,12GB+256GB,80W,政府补贴4%; 已补200元; 超级爆款;  3期; 退货宝
975998099830,MIUI/小米 Xiaomi MIX 41亿像素超长续航无线充电8核超性价比,¥718,券后价,小米优品商城,,30人付款,广东 深圳,https://item.taobao.com/item.htm?id=975998099830&ns=1&abbucket=9&xxc=taobaoSearch&mi_id=00009hOYo1TOGyrel8PdDr4xbeGos7M1yvvXdkvlHZFyhyo&skuId=6191040174265,https://g-search2.alicdn.com/img/bao/uploaded/i4/i3/2208506478729/O1CN01J4Jy802ELwJeldRlu_!!2208506478729.jpg_60x60.jpg,MIUI/小米,,6.67英寸,120Hz,4500mAh,,12GB+256GB,120W, 3期; 退货宝
911695952042,OPPO Reno14 AI智能手机学生拍照手机政府补贴高清长焦实况照片 IP69 满级防水oppo官方旗舰店,¥2339.1,券后价,OPPO官方旗舰店,回头客2万,10万+人付款,广西 南宁,https://detail.tmall.com/item.htm?id=911695952042&ns=1&abbucket=9&xxc=taobaoSearch&mi_id=0000JOmwfF1SCIea0GJRTxB3zTqyPQY9dEow3Bvo46tCnB0&skuId=5947235372938,https://g-search3.alicdn.com/img/bao/uploaded/i4/i2/901409638/O1CN01ExEZGK2L4GPzEZZWe_!!4611686018427382630-0-item_pic.jpg_60x60.jpg,OPPO,,6.59英寸,120Hz,6000mAh,,16GB+512GB,80W,政府补贴10%;  6期; 退货宝
,,¥,,,,,,,,,,,,,,,,
833002923974,Apple/苹果 iPhone 16 Plus,¥5999,,Apple Store 官方旗舰店,回头客200万,,湖北 鄂州,https://detail.tmall.com/item.htm?id=833002923974&ns=1&abbucket=9&xxc=taobaoSearch&mi_id=0000JxIyAUCHLX7Wr8FdtBy4n5A3nImNjrxypCyel6kec9w&skuId=5581806025099,https://g-search3.alicdn.com/img/bao/uploaded/i4/i4/1917047079/O1CN01Adtt4J22AEsEFmfEm_!!4611686018427384103-0-item_pic.jpg_60x60.jpg,Apple/苹果,,6.7英寸,,,4800万,512GB,, 12期; 48小时内发
1029344348767,【新品上市 24期免息】vivo X300s 新品蔡司2亿超级主摄政府补贴拍照学生智能大电池手机官方旗舰店官网正品,¥4499.1,,vivo手机官方旗舰店,回头客1万,,广西 南宁,https://detail.tmall.com/item.htm?id=1029344348767&ns=1&abbucket=9&xxc=taobaoSearch&fpChannel=101&fpChannelSig=e2b3c136b05ef77d03a7d9b2717d785c1432a238&mi_id=0000cU0OCJFAJsIn9N-dCVRWsE6eeY362ieeTiWcMrKDVRI&skuId=6053752981944,https://g-search3.alicdn.com/img/bao/uploaded/i4/i1/2207440821122/O1CN01yn0AoJ1K9vWNBzY5i_!!4611686018427386754-2-item_pic.png_60x60.jpg,vivo,,6.78英寸,144Hz,7100mAh,,12GB+256GB,,政府补贴10%; 超级爆款;  24期; 退货宝
996819358716,【政府补贴|阿里官方自营】HONOR/荣耀 新品500手机焕新版 8000mAh青海湖电池旗舰店新款官网正品2亿人像-200,¥2832.03,券后价,喵速达电器官方旗舰店,回头客60万,3000+人付款,广东 深圳,https://detail.tmall.com/item.htm?id=996819358716&ns=1&abbucket=9&xxc=taobaoSearch&mi_id=0000pZL0vCb7oXXtA9s0PNYSfK6Yu1CPRBZod39RyO2QYc4&skuId=6052762684636,https://g-search3.alicdn.com/img/bao/uploaded/i4/i1/2213856588863/O1CN01lOFZRH2FLJSICXR5i_!!4611686018427384895-0-item_pic.jpg_60x60.jpg,honor/荣耀,,6.55英寸,120Hz,8000mAh,,12GB+256GB,80W,满150减15; 政府补贴5%; 超级爆款; 热销爆款; 淘金币已抵2.92元; 退货宝
1009117220681,【新品上市】HONOR/荣耀Magic8 Pro Air旗舰芯片天玑9500 青海湖电池旗舰级三摄 全焦段闪光人像官方旗舰正品,¥4984,券后价,荣耀官方旗舰店,回头客40万,,广东 东莞,https://detail.tmall.com/item.htm?id=1009117220681&ns=1&abbucket=9&xxc=taobaoSearch&mi_id=0000IE0FNXMmdrbeuUFarLieGXIsmQE8zeFg68rlkuvnK9g&skuId=6179403762856,https://g-search3.alicdn.com/img/bao/uploaded/i4/i2/1114511827/O1CN01mSMPaX1PMokQbzMKF_!!4611686018427386323-0-item_pic.jpg_60x60.jpg,honor/荣耀,,6.31英寸,120Hz,5500mAh,5000万,12GB+512GB,80W,满150减15;  12期; 次日达; 退货宝
999659690740,【官网】HONOR/荣耀WIN  第五代骁龙8至尊版 10000mAh巨无霸青海湖电池 185Hz超高刷游戏手机 官方旗舰店正品,¥3984,券后价,荣耀官方旗舰店,回头客40万,3000+人付款,广东 东莞,https://detail.tmall.com/item.htm?id=999659690740&ns=1&abbucket=9&xxc=taobaoSearch&mi_id=0000hiayBSL5fKDoxtwBWqGmTJJYEK8jm-jHAHFRPqfK2qU&skuId=5996351853160,https://g-search1.alicdn.com/img/bao/uploaded/i4/i3/1114511827/O1CN01KEGwvp1PMokQaz3ga_!!4611686018427386323-0-item_pic.jpg_60x60.jpg,honor/荣耀,,6.83英寸,185Hz,10000mAh,,16GB+1TB,,满150减15; 超级爆款;  6期; 次日达; 退货宝
982205643206,MIUI/小米 Xiaomi 14全网通5G骁龙8Gen3徕卡相机旗舰AI手机小米14,¥1438,,品盛数码通讯,,80人付款,广东 潮州,https://item.taobao.com/item.htm?id=982205643206&ns=1&abbucket=9&xxc=taobaoSearch&mi_id=0000306PnO4i9n-YiaVY0FIr0zYt_awUAZ3OHsgjS4mVN-Y&skuId=6109334226019,https://g-search2.alicdn.com/img/bao/uploaded/i4/i2/2162192073/O1CN01jTyWJA1RBU8h4yDge_!!2162192073.jpg_60x60.jpg,MIUI/小米,,6.36英寸,120Hz,4610mAh,,16GB+512GB,,退货宝
977760293266,现货速发【政府补贴15%】vivo X200s 旗舰新品拍照手机蔡司天玑9400+旗舰芯片X300系列,¥3329,国补后,天猫优品官方旗舰店,回头客40万,1000+人付款,广东 东莞,https://detail.tmall.com/item.htm?id=977760293266&ns=1&abbucket=9&xxc=taobaoSearch&fpChannel=101&fpChannelSig=36971da2fcbbd5f6fc57bece7a3299d891a9bd65&mi_id=0000k60FvSmgR_TW-poQw_cu4QbOUwzHcaOgFrQH2TyYPGo&skuId=6098494615621,https://g-search3.alicdn.com/img/bao/uploaded/i4/i2/2218536532979/O1CN01mdiUbq1XsR0vJq5cB_!!4611686018427386867-2-item_pic.png_60x60.jpg,vivo,,6.67英寸,120Hz,6200mAh,,16GB+1TB,,国家补贴15%; 退货宝; 对公支付
1006007643500,【政府补贴15%】MIUI/小米 REDMI Turbo 4 天玑8400-Ultra处理器 6550mAh超长续航,¥1538.05,,天猫优品官方旗舰店,回头客40万,1000+人付款,浙江 金华,https://detail.tmall.com/item.htm?id=1006007643500&ns=1&abbucket=9&xxc=taobaoSearch&fpChannel=101&fpChannelSig=ffad7ad1d6563832738513fab102cdfac39d7455&mi_id=0000u6HOk1dj6zDpQ779ZDy7Fmv-SVoBncFoQAw2KuBijg0&skuId=6169101427258,https://g-search3.alicdn.com/img/bao/uploaded/i4/i3/2218536532979/O1CN01mJEujQ1XsQzviQizS_!!4611686018427386867-2-item_pic.png_60x60.jpg,MIUI/小米,,6.67英寸,120Hz,6550mAh,,16GB+512GB,,政府补贴5%; 退货宝; 对公支付
838320732816,正品honor/荣耀 Magic6 第三代骁龙8芯片 荣耀巨犀玻璃5G智能手机,¥1698,,品盛数码通讯,,200+人付款,广东 潮州,https://item.taobao.com/item.htm?id=838320732816&ns=1&abbucket=9&xxc=taobaoSearch&mi_id=0000a7XiFVHLT7DbxQaoqTTl7COirYQoZzHYE5xZbwoblko&skuId=6090114094074,https://g-search3.alicdn.com/img/bao/uploaded/i4/i3/2162192073/O1CN01Akzsuo1RBU2Kv0Ems_!!2162192073.jpg_60x60.jpg,honor/荣耀,,6.78英寸,120Hz,5450mAh,,16GB+512GB,66W,退货宝
1026953255694,【新品上市 24期免息】vivo X300 Ultra 新品蔡司大师镜头群拍照学生智能大电池手机官方旗舰店官网正品新款,¥6999,,vivo手机官方旗舰店,回头客1万,,广西 南宁,https://detail.tmall.com/item.htm?id=1026953255694&ns=1&abbucket=9&xxc=taobaoSearch&fpChannel=101&fpChannelSig=b9de69f927e1da890f5abaa7c6de2bddafe8eca8&mi_id=0000UKkSCUnv8WZBPG23CBmNNbn34TXaFLqY57-sYJ-wvkk&skuId=6215530866381,https://g-search2.alicdn.com/img/bao/uploaded/i4/i2/2207440821122/O1CN013OCbu41K9vWNPfT3s_!!4611686018427386754-2-item_pic.png_60x60.jpg,vivo,,6.82英寸,144Hz,6600mAh,,16GB+1TB,,超级爆款;  24期; 退货宝
999775286299,【国家补贴】华为 nova 15 Pro 麒麟9系芯片前后红枫影像6.9mm超薄机身北斗卫星消息智能手机华为官方旗舰店,¥3071.04,券后价,华为官方旗舰店,回头客4万,,广东 东莞,https://detail.tmall.com/item.htm?id=999775286299&ns=1&abbucket=9&xxc=taobaoSearch&mi_id=0000IJKl4GHy4WcEnaYYI41Du847wJwBNTUuw7ioV0e9i5o&skuId=6165812395732,https://g-search1.alicdn.com/img/bao/uploaded/i4/i2/2838892713/O1CN01Rlilwh1VubeRbyvQ9_!!4611686018427383977-2-item_pic.png_60x60.jpg,Huawei/华为,,6.84英寸,,6500mAh,5000万,12GB+256GB,100w,政府补贴4%;  6期; 退货宝
1028866699095,【官方旗舰店】2026新款M80Pro智能手机512GB内存游戏千百元学生党5G全网通便宜老年人长续航安卓工作室备用,¥284,券后价,已晴数码专营店,,2000+人付款,广东 深圳,https://detail.tmall.com/item.htm?id=1028866699095&ns=1&abbucket=9&xxc=taobaoSearch&mi_id=0000XccLcAI_wgOizEMnSnoaeLkEXBEd4q6ZyIsgNZNklVk&skuId=6043022969213,https://g-search1.alicdn.com/img/bao/uploaded/i4/i2/2217786510596/O1CN01KlJvQ21GH1BMcGkEd_!!4611686018427383044-2-item_pic.png_60x60.jpg,op（数码）,,6.5英寸,120Hz,7000mAh,4800万+500万,12GB+512GB,40W,满150减15; 超级爆款; 24小时内发; 退货宝; 公益宝贝
979168134463,【谢霆锋同款】荣耀Magic8直屏智能手机 超夜神长焦影像智能体第五代骁龙8至尊版新一代青海湖电池官方旗舰店,¥4259.8,券后价,荣耀官方旗舰店,回头客40万,,广东 东莞,https://detail.tmall.com/item.htm?id=979168134463&ns=1&abbucket=9&xxc=taobaoSearch&mi_id=0000c0XtMOcNsveA9HPvfpuBezIf1Ge7pkzY7rOwdLSH45Y&skuId=5945543653294,https://g-search3.alicdn.com/img/bao/uploaded/i4/i3/1114511827/O1CN01SU5qxW1PMokSSUDvs_!!4611686018427386323-0-item_pic.jpg_60x60.jpg,honor/荣耀,,6.58英寸,120Hz,7000mAh,,16GB+512GB,,满150减15; 政府补贴5%;  6期; 次日达; 退货宝
991969847204,【官网】HONOR/荣耀500 焕新版 智能手机 2亿人像全能实况 8000mAh青海湖电池 第四代骁龙8s 正品 官方旗舰店,¥2809,补贴价,百亿补贴品牌优选,回头客40万,8000+人付款,广东 东莞,https://detail.tmall.com/item.htm?id=991969847204&ns=1&abbucket=9&xxc=taobaoSearch&umpChannel=bybtqdyh&u_channel=bybtqdyh&fpChannel=101&fpChannelSig=023a03620e27aa25733b7efe2803b8091f23c422&mi_id=0000uh5UpAfDxu0BKd4S246hM1_Mf_2DBgLZV7SXFv-4XvA&skuId=6047324893653&maskChannel=bybtrs,https://g-search1.alicdn.com/img/bao/uploaded/i4/i1/1114511827/O1CN01euEMRR1PMokR7asrG_!!4611686018427386323-0-item_pic.jpg_60x60.jpg,honor/荣耀,,6.55英寸,120Hz,8000mAh,,12GB+256GB,80W,超级爆款; 次日达; 退货宝
991489820952,【政府补贴15% 送小米蓝牙耳机】MIUI/小米 REDMI K90 Pro Max手机官方旗舰店小米手机红米redmik90promax,¥3989.05,,天猫优品官方旗舰店,回头客40万,100+人付款,浙江 杭州,https://detail.tmall.com/item.htm?id=991489820952&ns=1&abbucket=9&xxc=taobaoSearch&fpChannel=101&fpChannelSig=6ad622493b458e0718db1ff2cd5366721cca2b5d&mi_id=0000JuMc8XA_uRwPX_HO0FeA4B0Gwn1GVJWQ13v1_fTi7Hk&skuId=6124970631382,https://g-search2.alicdn.com/img/bao/uploaded/i4/i3/2218536532979/O1CN01UG3uAG1XsR0nyw0gK_!!4611686018427386867-2-item_pic.png_60x60.jpg,MIUI/小米,,6.9英寸,120Hz,7560mAh,5000万,16GB+512GB,,政府补贴5%; 退货宝; 对公支付
1038082403568,【国家补贴/详情领淘金币抵扣】Apple/苹果 iPhone 17e 手机全新5G双卡双待手机官方正品2026新品手机,¥4271.28,券后价,中国移动天猫手机官方旗舰店,14年老店,32人付款,广东 广州,https://detail.tmall.com/item.htm?id=1038082403568&ns=1&abbucket=9&xxc=taobaoSearch&mi_id=0000kvKBlIYj2GaNB4TNTbUGvlZ2zhgw8TRL15gm_J918-E&skuId=6222691286093,https://g-search3.alicdn.com/img/bao/uploaded/i4/i2/713805254/O1CN01Ry6mxV1ogO3vbA3n0_!!4611686018427383238-0-item_pic.jpg_60x60.jpg,Apple/苹果,,6.1英寸,,,4800万,256GB,,政府补贴5%; 热销爆款; 淘金币已抵2.92元; 退货宝
969367004245,【政府补贴15%】红米REDMI Note15 Pro手机小米官方旗舰店红米note小米手机官网新品小米note15pro,¥1535.04,,天猫优品官方旗舰店,回头客40万,300+人付款,广东 深圳,https://detail.tmall.com/item.htm?id=969367004245&ns=1&abbucket=9&xxc=taobaoSearch&fpChannel=101&fpChannelSig=bfe6595e0281aca0d56a974194ff8c09611a91d6&mi_id=00007oHwl9_AsCE_vF8zuWjggOHl239x6XuRjdptYgT9c_A&skuId=5916541821928,https://g-search2.alicdn.com/img/bao/uploaded/i4/i1/2218536532979/O1CN01h0Ov8T1XsR0n9Zqgm_!!4611686018427386867-0-item_pic.jpg_60x60.jpg,MIUI/小米,,6.83英寸,120Hz,7000mAh,,12GB+512GB,,政府补贴4%; 热销爆款; 退货宝; 对公支付
668414289878,【国家补贴15%】华为畅享90Pro Max 手机 8500mAh巨鲸大电池华为畅享90promax老人机手机官方旗舰店正品2127,¥1699,,苏宁易购官方旗舰店,回头客40万,900+人付款,北京,https://detail.tmall.com/item.htm?id=668414289878&ns=1&abbucket=9&xxc=taobaoSearch&mi_id=0000R4eDzqqS3OyoIZz-J3IiwJ8b6jhBbBjLQW61jci3wNM&skuId=6216300951045,https://g-search3.alicdn.com/img/bao/uploaded/i4/i4/2616970884/O1CN011jnxoP1IOvFnhC0h4_!!4611686018427383428-0-item_pic.jpg_60x60.jpg,Huawei/华为,,6.84英寸,120Hz,8500mAh,5000万,512GB,, 3期
